"annotation_id","annotator","category","created_at","id","image_url","label","lead_time","updated_at"

1,"1","glass","2025-06-18T04:26:35.012963Z",1,"https://farm66.staticflickr.com/65535/33978196618_632623b4fc_z.jpg","Glass",13.985,"2025-06-18T05:42:08.467074Z"

2,"1","uncategorized","2025-06-18T04:27:56.430556Z",2,"https://farm66.staticflickr.com/65535/33978196618_e30a59e0a8_o.png","Glass",10.066,"2025-06-18T05:41:37.955127Z"

3,"1","uncategorized","2025-06-18T04:28:08.339221Z",3,"https://farm66.staticflickr.com/65535/47803331152_19beae025a_z.jpg","Paper",7.322,"2025-06-18T04:28:08.339256Z"

4,"1","uncategorized","2025-06-18T04:28:20.578683Z",4,"https://farm66.staticflickr.com/65535/47803331152_ee00755a2e_o.png","Paper",2.179,"2025-06-18T04:28:20.578697Z"

5,"1","uncategorized","2025-06-18T04:28:32.483545Z",5,"https://farm66.staticflickr.com/65535/40888872753_631ab0f441_z.jpg","Plastic",2.334,"2025-06-18T04:28:32.483585Z"

6,"1","uncategorized","2025-06-18T04:28:37.688632Z",6,"https://farm66.staticflickr.com/65535/40888872753_08ffb24902_o.png","Plastic",1.673,"2025-06-18T04:28:37.688648Z"

7,"1","uncategorized","2025-06-18T04:28:47.333649Z",7,"https://farm66.staticflickr.com/65535/47803331492_b8c0e5aafe_z.jpg","Plastic",3.276,"2025-06-18T04:28:47.333663Z"

8,"1","uncategorized","2025-06-18T04:28:53.285049Z",8,"https://farm66.staticflickr.com/65535/47803331492_0e1085ca55_o.png","Plastic",2.056,"2025-06-18T04:28:53.285065Z"

9,"1","uncategorized","2025-06-18T04:28:59.718822Z",9,"https://farm66.staticflickr.com/65535/33978199868_1bc379170a_z.jpg","Plastic",1.706,"2025-06-18T04:28:59.718835Z"

10,"1","uncategorized","2025-06-18T04:29:05.085293Z",10,"https://farm66.staticflickr.com/65535/33978199868_88ee160849_o.png","Plastic",1.16,"2025-06-18T04:29:05.085308Z"

11,"1","uncategorized","2025-06-18T04:29:15.079401Z",11,"https://farm66.staticflickr.com/65535/33978200068_9cd0d8f6a2_z.jpg","Plastic",5.006,"2025-06-18T04:29:15.079415Z"

12,"1","uncategorized","2025-06-18T04:29:20.777437Z",12,"https://farm66.staticflickr.com/65535/33978200068_c6eed416ac_o.png","Plastic",1.587,"2025-06-18T04:29:20.777450Z"

13,"1","uncategorized","2025-06-18T04:29:27.398893Z",13,"https://farm66.staticflickr.com/65535/47803332212_0ff13e5eb1_z.jpg","Metal",2.677,"2025-06-18T04:29:27.398916Z"

14,"1","uncategorized","2025-06-18T04:29:34.219103Z",14,"https://farm66.staticflickr.com/65535/47803332212_af8cfa9704_o.png","Metal",3.247,"2025-06-18T04:29:34.219117Z"

15,"1","uncategorized","2025-06-18T04:29:38.296449Z",15,"https://farm66.staticflickr.com/65535/33978202498_ef6d507616_z.jpg","Plastic",2.779,"2025-06-18T04:29:38.296505Z"

16,"1","uncategorized","2025-06-18T04:29:40.345528Z",16,"https://farm66.staticflickr.com/65535/33978202498_effbca58ef_o.png","Plastic",0.919,"2025-06-18T04:29:40.345544Z"

17,"1","uncategorized","2025-06-18T04:29:42.539670Z",17,"https://farm66.staticflickr.com/65535/47803335992_ebcc4e3932_z.jpg","Plastic",1.131,"2025-06-18T04:29:42.539683Z"

18,"1","uncategorized","2025-06-18T04:29:45.126279Z",18,"https://farm66.staticflickr.com/65535/47803335992_9c58683430_o.png","Plastic",1.097,"2025-06-18T04:29:45.126292Z"

19,"1","uncategorized","2025-06-18T04:29:49.322055Z",19,"https://farm66.staticflickr.com/65535/47855505601_a81c3ba8de_z.jpg","Metal",2.873,"2025-06-18T04:29:49.322079Z"

20,"1","uncategorized","2025-06-18T04:29:53.197433Z",20,"https://farm66.staticflickr.com/65535/47855505601_f75a430abc_o.png","Metal",2.716,"2025-06-18T04:29:53.197450Z"

22,"1","uncategorized","2025-06-18T04:30:04.973293Z",21,"https://farm66.staticflickr.com/65535/40888877173_734cec88e1_z.jpg","Glass",2.737,"2025-06-18T04:30:04.973310Z"

21,"1","uncategorized","2025-06-18T04:29:58.784039Z",22,"https://farm66.staticflickr.com/65535/40888877173_855795c875_o.png","Glass",3.553,"2025-06-18T04:29:58.784056Z"

23,"1","uncategorized","2025-06-18T04:30:14.859821Z",23,"https://farm66.staticflickr.com/65535/47066066634_60a4f44241_z.jpg","Metal",8.6,"2025-06-18T04:30:14.859837Z"

24,"1","uncategorized","2025-06-18T04:30:16.964572Z",24,"https://farm66.staticflickr.com/65535/47066066634_c50443ca0c_o.png","Metal",1.017,"2025-06-18T04:30:16.964601Z"

25,"1","uncategorized","2025-06-18T04:30:39.162469Z",27,"https://farm66.staticflickr.com/65535/47066067064_b7ca7a114d_z.jpg","Glass",3.083,"2025-06-18T04:30:39.162523Z"

26,"1","uncategorized","2025-06-18T04:30:41.680574Z",28,"https://farm66.staticflickr.com/65535/47066067064_84c534d654_o.png","Glass",1.445,"2025-06-18T04:30:41.680597Z"

27,"1","uncategorized","2025-06-18T04:30:49.615700Z",29,"https://farm66.staticflickr.com/65535/47803337932_f6a005f4c1_z.jpg","Plastic",5.708,"2025-06-18T04:30:49.615758Z"

28,"1","uncategorized","2025-06-18T04:30:51.743750Z",30,"https://farm66.staticflickr.com/65535/47803337932_3b5ba10c22_o.png","Plastic",1.175,"2025-06-18T04:30:51.743765Z"

29,"1","uncategorized","2025-06-18T04:30:55.407598Z",31,"https://farm66.staticflickr.com/65535/46939252345_2a66fc213a_z.jpg","E-Waste",2.726,"2025-06-18T04:30:55.407667Z"

30,"1","uncategorized","2025-06-18T04:30:57.694654Z",32,"https://farm66.staticflickr.com/65535/46939252345_1059f19aa3_o.png","Plastic",0.959,"2025-06-18T04:30:57.694677Z"

31,"1","uncategorized","2025-06-18T04:31:01.410891Z",33,"https://farm66.staticflickr.com/65535/33978204438_f7bcf7de70_z.jpg","Metal",2.977,"2025-06-18T04:31:01.410910Z"

32,"1","uncategorized","2025-06-18T04:31:05.143880Z",34,"https://farm66.staticflickr.com/65535/33978204438_b8c0c2b2c9_o.png","Metal",2.26,"2025-06-18T04:31:05.143897Z"

33,"1","uncategorized","2025-06-18T04:31:10.363955Z",35,"https://farm66.staticflickr.com/65535/47803339122_f549dbb834_z.jpg","Paper",3.925,"2025-06-18T04:31:10.363978Z"

34,"1","uncategorized","2025-06-18T04:31:13.209385Z",36,"https://farm66.staticflickr.com/65535/47803339122_d3f0788742_o.png","Paper",2.163,"2025-06-18T04:31:13.209402Z"

35,"1","uncategorized","2025-06-18T04:31:18.294934Z",37,"https://farm66.staticflickr.com/65535/40888879023_9050b8b546_z.jpg","Metal",2.96,"2025-06-18T04:31:18.294959Z"

36,"1","uncategorized","2025-06-18T04:31:23.361288Z",38,"https://farm66.staticflickr.com/65535/40888879023_df1db6fbd9_o.png","Metal",4.424,"2025-06-18T04:31:23.361305Z"

37,"1","uncategorized","2025-06-18T04:31:27.586526Z",39,"https://farm66.staticflickr.com/65535/32911398817_4725c65593_z.jpg","Metal",2.508,"2025-06-18T04:31:27.586580Z"

38,"1","uncategorized","2025-06-18T04:31:30.380993Z",40,"https://farm66.staticflickr.com/65535/32911398817_e6ef283545_o.png","Metal",1.774,"2025-06-18T04:31:30.381009Z"

39,"1","uncategorized","2025-06-18T04:31:36.140998Z",41,"https://farm66.staticflickr.com/65535/47855508601_491860b3d0_z.jpg","Metal",2.598,"2025-06-18T04:31:36.141018Z"

40,"1","uncategorized","2025-06-18T04:31:38.236637Z",42,"https://farm66.staticflickr.com/65535/47855508601_8f8db2ac41_o.png","Metal",0.81,"2025-06-18T04:31:38.236655Z"

41,"1","uncategorized","2025-06-18T04:31:43.482511Z",43,"https://farm66.staticflickr.com/65535/47855508711_00281dffb0_z.jpg","Metal",4.069,"2025-06-18T04:31:43.482532Z"

42,"1","uncategorized","2025-06-18T04:31:46.023263Z",44,"https://farm66.staticflickr.com/65535/47855508711_22405cc468_o.png","Metal",1.086,"2025-06-18T04:31:46.023280Z"

43,"1","uncategorized","2025-06-18T04:31:50.119068Z",45,"https://farm66.staticflickr.com/65535/47066069044_fb605dece1_z.jpg","Metal",2.801,"2025-06-18T04:31:50.119083Z"

44,"1","uncategorized","2025-06-18T04:31:53.966375Z",46,"https://farm66.staticflickr.com/65535/47066069044_d036243818_o.png","Metal",2.905,"2025-06-18T04:31:53.966392Z"

45,"1","uncategorized","2025-06-18T04:31:59.837759Z",47,"https://farm66.staticflickr.com/65535/47803340592_325dd423bc_z.jpg","Plastic",4.116,"2025-06-18T04:31:59.837797Z"

46,"1","uncategorized","2025-06-18T04:32:01.401583Z",48,"https://farm66.staticflickr.com/65535/47803340592_7e869ae7eb_o.png","Plastic",0.771,"2025-06-18T04:32:01.401601Z"

47,"1","uncategorized","2025-06-18T04:32:05.560593Z",49,"https://farm66.staticflickr.com/65535/47855509081_8c8f45066f_z.jpg","Metal",3.276,"2025-06-18T04:32:05.560612Z"

48,"1","uncategorized","2025-06-18T04:32:07.794392Z",50,"https://farm66.staticflickr.com/65535/47855509081_aa8d76f4cc_o.png","Metal",1.044,"2025-06-18T04:32:07.794489Z"

49,"1","uncategorized","2025-06-18T04:32:12.344987Z",51,"https://farm66.staticflickr.com/65535/46939254645_d86872df65_z.jpg","Glass",3.862,"2025-06-18T04:32:12.345004Z"

50,"1","uncategorized","2025-06-18T04:32:15.060543Z",52,"https://farm66.staticflickr.com/65535/46939254645_8c2662f96c_o.png","Glass",1.103,"2025-06-18T04:32:15.060559Z"

51,"1","uncategorized","2025-06-18T04:32:18.393386Z",53,"https://farm66.staticflickr.com/65535/46939254875_30ebf38f12_z.jpg","Glass",2.159,"2025-06-18T04:32:18.393438Z"

52,"1","uncategorized","2025-06-18T04:32:19.860721Z",54,"https://farm66.staticflickr.com/65535/46939254875_9da2bf390c_o.png","Glass",0.863,"2025-06-18T04:32:19.860738Z"

53,"1","uncategorized","2025-06-18T04:32:30.345621Z",55,"https://farm66.staticflickr.com/65535/33978206458_ccaff895b0_z.jpg","Metal",8.462,"2025-06-18T04:32:30.345666Z"

54,"1","uncategorized","2025-06-18T04:32:32.477889Z",56,"https://farm66.staticflickr.com/65535/33978206458_6f2ede98d9_o.png","Metal",1.432,"2025-06-18T04:32:32.477934Z"

55,"1","uncategorized","2025-06-18T04:32:38.291663Z",57,"https://farm66.staticflickr.com/65535/46939255385_3ecbdfafce_z.jpg","Metal",4.519,"2025-06-18T04:32:38.291691Z"

56,"1","uncategorized","2025-06-18T04:32:40.609599Z",58,"https://farm66.staticflickr.com/65535/46939255385_13b538e7bb_o.png","Metal",1.277,"2025-06-18T04:32:40.609616Z"

57,"1","uncategorized","2025-06-18T04:32:43.801061Z",59,"https://farm66.staticflickr.com/65535/33978206868_c5eb6d91a0_z.jpg","Metal",2.287,"2025-06-18T04:32:43.801077Z"

58,"1","uncategorized","2025-06-18T04:32:45.899667Z",60,"https://farm66.staticflickr.com/65535/33978206868_ace11c6368_o.png","Metal",0.811,"2025-06-18T04:32:45.899683Z"

59,"1","uncategorized","2025-06-18T04:32:51.893253Z",61,"https://farm66.staticflickr.com/65535/40888883943_d460ec74b9_z.jpg","Plastic",3.034,"2025-06-18T04:32:51.893275Z"

60,"1","uncategorized","2025-06-18T04:32:57.241797Z",62,"https://farm66.staticflickr.com/65535/40888883943_ebb30f624d_o.png","Plastic",4.128,"2025-06-18T04:32:57.241845Z"

61,"1","uncategorized","2025-06-18T04:33:02.023836Z",63,"https://farm66.staticflickr.com/65535/47803342522_ee56b5ffc7_z.jpg","Metal",4.115,"2025-06-18T04:33:02.023853Z"

62,"1","uncategorized","2025-06-18T04:33:56.475115Z",64,"https://farm66.staticflickr.com/65535/47803342522_5c60c6c4e0_o.png","Metal",2.584,"2025-06-18T04:33:56.475134Z"

63,"1","uncategorized","2025-06-18T04:34:01.152240Z",65,"https://farm66.staticflickr.com/65535/46939256375_cab702038f_z.jpg","Metal",3.723,"2025-06-18T04:34:01.152257Z"

64,"1","uncategorized","2025-06-18T04:34:04.393577Z",66,"https://farm66.staticflickr.com/65535/46939256375_97b40f0cfe_o.png","Metal",1.648,"2025-06-18T04:34:04.393592Z"

65,"1","uncategorized","2025-06-18T04:34:07.099585Z",67,"https://farm66.staticflickr.com/65535/40888885363_5f97dea054_z.jpg","Metal",1.626,"2025-06-18T04:34:07.099600Z"

66,"1","uncategorized","2025-06-18T04:34:10.195242Z",68,"https://farm66.staticflickr.com/65535/40888885363_5a8f8bab71_o.png","Metal",2.177,"2025-06-18T04:34:10.195260Z"

67,"1","uncategorized","2025-06-18T04:34:14.253776Z",69,"https://farm66.staticflickr.com/65535/46939256875_1e3f943358_z.jpg","Metal",2.584,"2025-06-18T04:34:14.253792Z"

68,"1","uncategorized","2025-06-18T04:34:18.209902Z",70,"https://farm66.staticflickr.com/65535/46939256875_a0d7b3cf96_o.png","Metal",1.897,"2025-06-18T04:34:18.209922Z"

69,"1","uncategorized","2025-06-18T05:05:23.033082Z",71,"https://farm66.staticflickr.com/65535/32911402747_4725bfdd20_z.jpg","Metal",2.671,"2025-06-18T05:05:23.033108Z"

70,"1","uncategorized","2025-06-18T05:05:25.450925Z",72,"https://farm66.staticflickr.com/65535/32911402747_496ac0b26e_o.png","Metal",0.897,"2025-06-18T05:05:25.450955Z"

71,"1","uncategorized","2025-06-18T05:05:29.051391Z",73,"https://farm66.staticflickr.com/65535/47066071374_0347ce5037_z.jpg","Plastic",2.543,"2025-06-18T05:05:29.051408Z"

72,"1","uncategorized","2025-06-18T05:05:31.240220Z",74,"https://farm66.staticflickr.com/65535/47066071374_9caeb15bcb_o.png","Plastic",1.009,"2025-06-18T05:05:31.240245Z"

73,"1","uncategorized","2025-06-18T05:05:36.817255Z",75,"https://farm66.staticflickr.com/65535/33978209058_6aaa69d0e4_z.jpg","Glass",3.74,"2025-06-18T05:05:36.817287Z"

74,"1","uncategorized","2025-06-18T05:05:39.149169Z",76,"https://farm66.staticflickr.com/65535/33978209058_cddb7831d8_o.png","Glass",1.647,"2025-06-18T05:05:39.149186Z"

75,"1","uncategorized","2025-06-18T05:05:50.653642Z",77,"https://farm66.staticflickr.com/65535/47855510791_2c64fa1598_z.jpg","Plastic",10.578,"2025-06-18T05:05:50.653673Z"

76,"1","uncategorized","2025-06-18T05:05:53.556986Z",78,"https://farm66.staticflickr.com/65535/47855510791_aa4e7222dc_o.png","Plastic",1.566,"2025-06-18T05:05:53.557005Z"

77,"1","uncategorized","2025-06-18T05:05:59.508921Z",79,"https://farm66.staticflickr.com/65535/47855510951_2a1053520e_z.jpg","Metal",4.332,"2025-06-18T05:05:59.508938Z"

78,"1","uncategorized","2025-06-18T05:06:03.094619Z",80,"https://farm66.staticflickr.com/65535/47855510951_3642b54f28_o.png","Metal",2.152,"2025-06-18T05:06:03.094637Z"

79,"1","uncategorized","2025-06-18T05:06:07.317076Z",81,"https://farm66.staticflickr.com/65535/47066072084_c282c2a55d_z.jpg","Glass",2.958,"2025-06-18T05:06:07.317099Z"

80,"1","uncategorized","2025-06-18T05:06:09.299763Z",82,"https://farm66.staticflickr.com/65535/47066072084_a009ce5de2_o.png","Glass",1.233,"2025-06-18T05:06:09.299795Z"

81,"1","uncategorized","2025-06-18T05:06:13.508916Z",83,"https://farm66.staticflickr.com/65535/40888889263_c1d612cc87_z.jpg","Metal",3.266,"2025-06-18T05:06:13.508938Z"

82,"1","uncategorized","2025-06-18T05:06:30.030692Z",84,"https://farm66.staticflickr.com/65535/40888889263_442454f466_o.png","Metal",6.299,"2025-06-18T05:06:30.030734Z"

83,"1","uncategorized","2025-06-18T05:06:33.377970Z",85,"https://farm66.staticflickr.com/65535/32911404057_297c502eef_z.jpg","Metal",2.345,"2025-06-18T05:06:33.377988Z"

84,"1","uncategorized","2025-06-18T05:06:36.222454Z",86,"https://farm66.staticflickr.com/65535/32911404057_b139c11643_o.png","Metal",1.563,"2025-06-18T05:06:36.222494Z"

85,"1","uncategorized","2025-06-18T05:06:40.962343Z",87,"https://farm66.staticflickr.com/65535/46939259475_1189aa9f45_z.jpg","Plastic",4.009,"2025-06-18T05:06:40.962368Z"

86,"1","uncategorized","2025-06-18T05:06:47.255122Z",88,"https://farm66.staticflickr.com/65535/46939259475_207412b566_o.png","Plastic",1.604,"2025-06-18T05:06:47.255140Z"

87,"1","uncategorized","2025-06-18T05:06:50.849471Z",89,"https://farm66.staticflickr.com/65535/32911404467_6bb8e83d98_z.jpg","Metal",2.359,"2025-06-18T05:06:50.849492Z"

88,"1","uncategorized","2025-06-18T05:06:55.816291Z",90,"https://farm66.staticflickr.com/65535/32911404467_75881a027e_o.png","Metal",3.822,"2025-06-18T05:06:55.816349Z"

89,"1","uncategorized","2025-06-18T05:07:12.006869Z",91,"https://farm66.staticflickr.com/65535/32911404617_3bba230dbb_z.jpg","Metal",2.442,"2025-06-18T05:07:12.006887Z"

90,"1","uncategorized","2025-06-18T05:07:15.165496Z",92,"https://farm66.staticflickr.com/65535/32911404617_b7c9ea03d6_o.png","Metal",1.876,"2025-06-18T05:07:15.166119Z"

91,"1","uncategorized","2025-06-18T05:07:19.081287Z",93,"https://farm66.staticflickr.com/65535/47855512471_341e0585f4_z.jpg","Metal",2.119,"2025-06-18T05:07:19.081307Z"

92,"1","uncategorized","2025-06-18T05:07:20.997076Z",94,"https://farm66.staticflickr.com/65535/47855512471_7071ebff99_o.png","Metal",0.694,"2025-06-18T05:07:20.997091Z"

93,"1","uncategorized","2025-06-18T05:07:26.435743Z",95,"https://farm66.staticflickr.com/65535/40888891223_855448d2d0_z.jpg","Paper",4.131,"2025-06-18T05:07:26.435779Z"

94,"1","uncategorized","2025-06-18T05:07:28.329346Z",96,"https://farm66.staticflickr.com/65535/40888891223_63aa815f2e_o.png","Paper",1.049,"2025-06-18T05:07:28.329365Z"

95,"1","uncategorized","2025-06-18T05:07:32.787653Z",97,"https://farm66.staticflickr.com/65535/47066073914_b3463b53ca_z.jpg","Paper",2.968,"2025-06-18T05:07:32.787682Z"

96,"1","uncategorized","2025-06-18T05:07:35.313027Z",98,"https://farm66.staticflickr.com/65535/47066073914_1100765265_o.png","Paper",1.351,"2025-06-18T05:07:35.313042Z"

97,"1","uncategorized","2025-06-18T05:07:38.125785Z",99,"https://farm66.staticflickr.com/65535/32911405727_5af811a99f_z.jpg","Paper",2.119,"2025-06-18T05:07:38.125802Z"

98,"1","uncategorized","2025-06-18T05:07:40.144043Z",100,"https://farm66.staticflickr.com/65535/32911405727_69e1c9873d_o.png","Paper",1.049,"2025-06-18T05:07:40.144059Z"

99,"1","uncategorized","2025-06-18T05:07:44.113049Z",101,"https://farm66.staticflickr.com/65535/40888893613_4d171a62bf_z.jpg","Plastic",3.027,"2025-06-18T05:07:44.113077Z"

100,"1","uncategorized","2025-06-18T05:07:46.685729Z",102,"https://farm66.staticflickr.com/65535/40888893613_691904c622_o.png","Plastic",0.917,"2025-06-18T05:07:46.685746Z"

101,"1","uncategorized","2025-06-18T05:07:51.070695Z",103,"https://farm66.staticflickr.com/65535/46939263035_eec983ccb5_z.jpg","Metal",3.381,"2025-06-18T05:07:51.070713Z"

102,"1","uncategorized","2025-06-18T05:07:54.395409Z",104,"https://farm66.staticflickr.com/65535/46939263035_3c1932bfe9_o.png","Metal",2.137,"2025-06-18T05:07:54.395426Z"

103,"1","uncategorized","2025-06-18T05:07:58.007563Z",105,"https://farm66.staticflickr.com/65535/33978213438_20eb524286_z.jpg","Metal",2.677,"2025-06-18T05:07:58.007586Z"

104,"1","uncategorized","2025-06-18T05:08:03.152020Z",106,"https://farm66.staticflickr.com/65535/33978213438_74b185f6e1_o.png","Metal",3.401,"2025-06-18T05:08:03.152058Z"

105,"1","uncategorized","2025-06-18T05:08:11.957268Z",107,"https://farm66.staticflickr.com/65535/46939264125_0a6460af65_z.jpg","Paper",4.565,"2025-06-18T05:08:11.957286Z"

106,"1","uncategorized","2025-06-18T05:08:15.242064Z",108,"https://farm66.staticflickr.com/65535/46939264125_d775c9ff9a_o.png","Paper",2.108,"2025-06-18T05:08:15.242087Z"

107,"1","uncategorized","2025-06-18T05:08:19.332537Z",109,"https://farm66.staticflickr.com/65535/47066077624_d58b970abe_z.jpg","Plastic",3.483,"2025-06-18T05:08:19.332556Z"

108,"1","uncategorized","2025-06-18T05:08:22.087938Z",110,"https://farm66.staticflickr.com/65535/47066077624_548c86cbb1_o.png","Plastic",1.508,"2025-06-18T05:08:22.087956Z"

109,"1","uncategorized","2025-06-18T05:08:28.838616Z",111,"https://farm66.staticflickr.com/65535/46939264945_f7059993cd_z.jpg","Metal",7.430999999999999,"2025-06-18T05:08:31.874251Z"

110,"1","uncategorized","2025-06-18T05:08:34.633859Z",112,"https://farm66.staticflickr.com/65535/46939264945_05393214bd_o.png","Metal",1.881,"2025-06-18T05:08:34.633880Z"

111,"1","uncategorized","2025-06-18T05:08:46.043874Z",113,"https://farm66.staticflickr.com/65535/33978214998_ffc6f4c240_z.jpg","Metal",10.088,"2025-06-18T05:08:46.043938Z"

112,"1","uncategorized","2025-06-18T05:08:47.991836Z",114,"https://farm66.staticflickr.com/65535/33978214998_0fabe0f005_o.png","Metal",1.252,"2025-06-18T05:08:47.991858Z"

113,"1","uncategorized","2025-06-18T05:08:51.417443Z",115,"https://farm66.staticflickr.com/65535/47855518531_67d63b0125_z.jpg","Plastic",2.497,"2025-06-18T05:08:51.417485Z"

114,"1","uncategorized","2025-06-18T05:08:53.584849Z",116,"https://farm66.staticflickr.com/65535/47855518531_a63a02f6fd_o.png","Plastic",0.887,"2025-06-18T05:08:53.584869Z"

115,"1","uncategorized","2025-06-18T05:08:58.479524Z",117,"https://farm66.staticflickr.com/65535/32911411497_217bab5be3_z.jpg","Paper",3.656,"2025-06-18T05:08:58.479819Z"

116,"1","uncategorized","2025-06-18T05:09:03.884430Z",118,"https://farm66.staticflickr.com/65535/32911411497_62842b1d69_o.png","Paper",4.668,"2025-06-18T05:09:03.884451Z"

117,"1","uncategorized","2025-06-18T05:10:35.582267Z",119,"https://farm66.staticflickr.com/65535/47803352692_c93555bf7f_z.jpg","Paper",2.753,"2025-06-18T05:10:35.582284Z"

118,"1","uncategorized","2025-06-18T05:10:37.759721Z",120,"https://farm66.staticflickr.com/65535/47803352692_54b5e59d3d_o.png","Paper",0.817,"2025-06-18T05:10:37.759755Z"

119,"1","uncategorized","2025-06-18T05:10:44.034459Z",121,"https://farm66.staticflickr.com/65535/33978216968_43333362b8_z.jpg","Plastic",8.100000000000001,"2025-06-18T05:10:47.729031Z"

120,"1","uncategorized","2025-06-18T05:11:52.506496Z",122,"https://farm66.staticflickr.com/65535/33978216968_4773411c9b_o.png","Plastic",4.796,"2025-06-18T05:11:52.506526Z"

121,"1","uncategorized","2025-06-18T05:11:57.760545Z",123,"https://farm66.staticflickr.com/65535/40888903473_da533c65e9_z.jpg","Plastic",4.134,"2025-06-18T05:11:57.760586Z"

122,"1","uncategorized","2025-06-18T05:11:59.533904Z",124,"https://farm66.staticflickr.com/65535/40888903473_4237b41d59_o.png","Plastic",0.779,"2025-06-18T05:11:59.533924Z"

123,"1","uncategorized","2025-06-18T05:12:05.648083Z",125,"https://farm66.staticflickr.com/65535/33978218448_7fa1103785_z.jpg","Plastic",5.21,"2025-06-18T05:12:05.648104Z"

124,"1","uncategorized","2025-06-18T05:12:08.033232Z",126,"https://farm66.staticflickr.com/65535/33978218448_5ac8d8f9cb_o.png","Plastic",0.806,"2025-06-18T05:12:08.033249Z"

125,"1","uncategorized","2025-06-18T05:12:11.158352Z",127,"https://farm66.staticflickr.com/65535/40888905013_469a0afb11_z.jpg","Plastic",1.986,"2025-06-18T05:12:11.158406Z"

126,"1","uncategorized","2025-06-18T05:12:16.082012Z",128,"https://farm66.staticflickr.com/65535/40888905013_8b20479481_o.png","Plastic",0.65,"2025-06-18T05:12:16.082036Z"

127,"1","uncategorized","2025-06-18T05:12:18.588363Z",129,"https://farm66.staticflickr.com/65535/47066083354_f2bfb321ce_z.jpg","Plastic",1.75,"2025-06-18T05:12:18.588392Z"

128,"1","uncategorized","2025-06-18T05:12:23.077521Z",130,"https://farm66.staticflickr.com/65535/47066083354_b7e8968056_o.png","Plastic",2.103,"2025-06-18T05:12:23.077543Z"

129,"1","uncategorized","2025-06-18T05:12:28.675187Z",131,"https://farm66.staticflickr.com/65535/47855526201_cc3099bc63_z.jpg","Plastic",3.037,"2025-06-18T05:12:28.675212Z"

130,"1","uncategorized","2025-06-18T05:12:32.160291Z",132,"https://farm66.staticflickr.com/65535/47855526201_eefff7144d_o.png","Plastic",1.339,"2025-06-18T05:12:32.160345Z"

131,"1","uncategorized","2025-06-18T05:12:37.766478Z",133,"https://farm66.staticflickr.com/65535/47803356972_ba9b520555_z.jpg","Paper",4.861,"2025-06-18T05:12:37.766496Z"

132,"1","uncategorized","2025-06-18T05:12:39.694963Z",134,"https://farm66.staticflickr.com/65535/47803356972_a3861543ff_o.png","Paper",0.988,"2025-06-18T05:12:39.694985Z"

133,"1","uncategorized","2025-06-18T05:12:46.468066Z",135,"https://farm66.staticflickr.com/65535/47855527831_2048361a88_z.jpg","Metal",5.588,"2025-06-18T05:12:46.468086Z"

134,"1","uncategorized","2025-06-18T05:12:48.255601Z",136,"https://farm66.staticflickr.com/65535/47855527831_bcdc279cef_o.png","Metal",0.9,"2025-06-18T05:12:48.255620Z"

135,"1","uncategorized","2025-06-18T05:12:51.886312Z",137,"https://farm66.staticflickr.com/65535/46939272735_43c98a9d25_z.jpg","Metal",2.488,"2025-06-18T05:12:51.886337Z"

136,"1","uncategorized","2025-06-18T05:12:54.654202Z",138,"https://farm66.staticflickr.com/65535/46939272735_b8506f98ec_o.png","Metal",1.375,"2025-06-18T05:12:54.654224Z"

137,"1","uncategorized","2025-06-18T05:13:02.705064Z",139,"https://farm66.staticflickr.com/65535/32911419327_14e297f69a_z.jpg","Metal",6.98,"2025-06-18T05:13:02.705080Z"

138,"1","uncategorized","2025-06-18T05:13:05.784922Z",140,"https://farm66.staticflickr.com/65535/32911419327_f4d5aa3dd4_o.png","Metal",2.153,"2025-06-18T05:13:05.784941Z"

139,"1","uncategorized","2025-06-18T05:13:11.683956Z",141,"https://farm66.staticflickr.com/65535/40888908063_826a675e51_z.jpg","Paper",4.73,"2025-06-18T05:13:11.683989Z"

140,"1","uncategorized","2025-06-18T05:13:13.159036Z",142,"https://farm66.staticflickr.com/65535/40888908063_07b4c2497a_o.png","Paper",0.826,"2025-06-18T05:13:13.159057Z"

141,"1","uncategorized","2025-06-18T05:13:18.955923Z",143,"https://farm66.staticflickr.com/65535/47066085544_c280701524_z.jpg","Plastic",4.348,"2025-06-18T05:13:18.955947Z"

142,"1","uncategorized","2025-06-18T05:13:20.896041Z",144,"https://farm66.staticflickr.com/65535/47066085544_a1d7a34a92_o.png","Plastic",0.753,"2025-06-18T05:13:20.896067Z"

143,"1","uncategorized","2025-06-18T05:13:24.429850Z",145,"https://farm66.staticflickr.com/65535/33978225078_ddc894ef40_z.jpg","Plastic",2.714,"2025-06-18T05:13:24.429866Z"

144,"1","uncategorized","2025-06-18T05:13:29.510267Z",146,"https://farm66.staticflickr.com/65535/33978225078_8599bddd01_o.png","Plastic",4.214,"2025-06-18T05:13:29.510291Z"

145,"1","uncategorized","2025-06-18T05:15:16.047701Z",147,"https://farm66.staticflickr.com/65535/46939275485_13483d1194_z.jpg","Plastic",1.787,"2025-06-18T05:15:16.047721Z"

146,"1","uncategorized","2025-06-18T05:15:17.581266Z",148,"https://farm66.staticflickr.com/65535/46939275485_e9b457ee2b_o.png","Plastic",0.622,"2025-06-18T05:15:17.581284Z"

147,"1","uncategorized","2025-06-18T05:15:20.569635Z",149,"https://farm66.staticflickr.com/65535/40888909063_21d28281b1_z.jpg","Plastic",1.913,"2025-06-18T05:15:20.569667Z"

148,"1","uncategorized","2025-06-18T05:15:21.883941Z",150,"https://farm66.staticflickr.com/65535/40888909063_da6fc7e773_o.png","Plastic",0.658,"2025-06-18T05:15:21.883965Z"

149,"1","uncategorized","2025-06-18T05:15:25.072172Z",151,"https://farm66.staticflickr.com/65535/40888909583_82a44ac1fc_z.jpg","Plastic",1.598,"2025-06-18T05:15:25.072190Z"

150,"1","uncategorized","2025-06-18T05:15:27.869523Z",152,"https://farm66.staticflickr.com/65535/40888909583_9f9cc88433_o.png","Plastic",0.694,"2025-06-18T05:15:27.869542Z"

151,"1","uncategorized","2025-06-18T05:15:30.384528Z",153,"https://farm66.staticflickr.com/65535/32911423797_5691c8704c_z.jpg","Plastic",4.6240000000000006,"2025-06-18T05:15:34.337534Z"

152,"1","uncategorized","2025-06-18T05:15:37.430445Z",154,"https://farm66.staticflickr.com/65535/32911423797_951996353b_o.png","Plastic",2.286,"2025-06-18T05:15:37.430474Z"

153,"1","uncategorized","2025-06-18T05:15:40.630906Z",155,"https://farm66.staticflickr.com/65535/33978227058_6fba616329_z.jpg","Plastic",1.765,"2025-06-18T05:15:40.630951Z"

154,"1","uncategorized","2025-06-18T05:15:42.255455Z",156,"https://farm66.staticflickr.com/65535/33978227058_afb4031bde_o.png","Plastic",0.89,"2025-06-18T05:15:42.255473Z"

155,"1","uncategorized","2025-06-18T05:15:55.445287Z",157,"https://farm66.staticflickr.com/65535/40888911413_b4b02a0ebc_z.jpg","Plastic",11.246,"2025-06-18T05:15:55.445306Z"

156,"1","uncategorized","2025-06-18T05:15:57.420383Z",158,"https://farm66.staticflickr.com/65535/40888911413_308066210e_o.png","Plastic",0.828,"2025-06-18T05:15:57.420398Z"

157,"1","uncategorized","2025-06-18T05:15:59.214481Z",159,"https://farm66.staticflickr.com/65535/47803365772_c70114b177_z.jpg","Plastic",0.898,"2025-06-18T05:15:59.214498Z"

158,"1","uncategorized","2025-06-18T05:16:00.999050Z",160,"https://farm66.staticflickr.com/65535/47803365772_b2b6e880c0_o.png","Plastic",5.291,"2025-06-18T05:16:06.442797Z"

159,"1","uncategorized","2025-06-18T05:16:12.547197Z",161,"https://farm66.staticflickr.com/65535/33978228348_a10e4aa2d9_z.jpg","Plastic",1.29,"2025-06-18T05:16:12.547220Z"

160,"1","uncategorized","2025-06-18T05:16:15.482472Z",162,"https://farm66.staticflickr.com/65535/33978228348_106f1757ba_o.png","Plastic",1.378,"2025-06-18T05:16:15.482489Z"

161,"1","uncategorized","2025-06-18T05:16:19.585855Z",163,"https://farm66.staticflickr.com/65535/47803367282_957934fcae_z.jpg","Paper",3.186,"2025-06-18T05:16:19.585885Z"

162,"1","uncategorized","2025-06-18T05:16:25.389584Z",164,"https://farm66.staticflickr.com/65535/47803367282_a0c4d52b81_o.png","Paper",2.451,"2025-06-18T05:16:25.389612Z"

163,"1","uncategorized","2025-06-18T05:16:32.242778Z",165,"https://farm66.staticflickr.com/65535/47855536111_0d1ba44721_z.jpg","Plastic",5.258,"2025-06-18T05:16:32.242814Z"

164,"1","uncategorized","2025-06-18T05:16:33.726860Z",166,"https://farm66.staticflickr.com/65535/47855536111_52ebed4191_o.png","Plastic",0.79,"2025-06-18T05:16:33.726879Z"

165,"1","uncategorized","2025-06-18T05:16:38.216575Z",167,"https://farm66.staticflickr.com/65535/46939279105_e1bbce4d4b_z.jpg","Plastic",3.602,"2025-06-18T05:16:38.216601Z"

166,"1","uncategorized","2025-06-18T05:16:41.535538Z",168,"https://farm66.staticflickr.com/65535/46939279105_92bc3bde2b_o.png","Plastic",1.348,"2025-06-18T05:16:41.535596Z"

167,"1","uncategorized","2025-06-18T05:16:46.841341Z",169,"https://farm66.staticflickr.com/65535/40888914233_4b10dc5f07_z.jpg","Paper",2.48,"2025-06-18T05:16:46.841364Z"

168,"1","uncategorized","2025-06-18T05:16:48.436797Z",170,"https://farm66.staticflickr.com/65535/40888914233_25659b5165_o.png","Paper",0.794,"2025-06-18T05:16:48.436820Z"

169,"1","uncategorized","2025-06-18T05:16:52.827323Z",171,"https://farm66.staticflickr.com/65535/47066092764_be1f5d14de_z.jpg","Metal",3.172,"2025-06-18T05:16:52.827356Z"

170,"1","uncategorized","2025-06-18T05:16:54.677203Z",172,"https://farm66.staticflickr.com/65535/47066092764_614d978865_o.png","Metal",1.195,"2025-06-18T05:16:54.677225Z"

171,"1","uncategorized","2025-06-18T05:17:12.615425Z",175,"https://farm66.staticflickr.com/65535/47066094324_a8d34afa4a_z.jpg","Plastic",2.423,"2025-06-18T05:17:12.615444Z"

172,"1","uncategorized","2025-06-18T05:17:14.463962Z",176,"https://farm66.staticflickr.com/65535/47066094324_6b4fe2129b_o.png","Plastic",0.738,"2025-06-18T05:17:14.463978Z"

173,"1","uncategorized","2025-06-18T05:17:18.225951Z",177,"https://farm66.staticflickr.com/65535/33978232418_acc781ccb9_z.jpg","Metal",2.927,"2025-06-18T05:17:18.226012Z"

174,"1","uncategorized","2025-06-18T05:17:23.095459Z",178,"https://farm66.staticflickr.com/65535/33978232418_38c8bd3546_o.png","Metal",3.09,"2025-06-18T05:17:23.095494Z"

175,"1","uncategorized","2025-06-18T05:17:28.658922Z",179,"https://farm66.staticflickr.com/65535/47855540001_64a57612f2_z.jpg","Paper",4.914,"2025-06-18T05:17:28.658948Z"

176,"1","uncategorized","2025-06-18T05:17:30.929192Z",180,"https://farm66.staticflickr.com/65535/47855540001_6b8eae64ab_o.png","Paper",1.009,"2025-06-18T05:17:30.929225Z"

177,"1","uncategorized","2025-06-18T05:17:34.577529Z",181,"https://farm66.staticflickr.com/65535/40888917783_20df833f07_z.jpg","Paper",1.668,"2025-06-18T05:17:34.577550Z"

178,"1","uncategorized","2025-06-18T05:17:37.084623Z",182,"https://farm66.staticflickr.com/65535/40888917783_596fe7cc03_o.png","Paper",1.188,"2025-06-18T05:17:37.084642Z"

179,"1","uncategorized","2025-06-18T05:17:41.059544Z",183,"https://farm66.staticflickr.com/65535/33978233378_fdd6f37b59_z.jpg","Paper",2.602,"2025-06-18T05:17:41.059566Z"

180,"1","uncategorized","2025-06-18T05:17:46.705471Z",184,"https://farm66.staticflickr.com/65535/33978233378_36b49e5916_o.png","Paper",1.076,"2025-06-18T05:17:46.705488Z"

183,"1","uncategorized","2025-06-18T05:18:01.627051Z",187,"https://farm66.staticflickr.com/65535/32911436277_150d3aea25_z.jpg","Plastic",3.566,"2025-06-18T05:18:01.627103Z"

184,"1","uncategorized","2025-06-18T05:18:04.068766Z",188,"https://farm66.staticflickr.com/65535/32911436277_8e046cc764_o.png","Plastic",1.488,"2025-06-18T05:18:04.068785Z"

185,"1","uncategorized","2025-06-18T05:18:08.303242Z",189,"https://farm66.staticflickr.com/65535/47855542611_14e67897d9_z.jpg","Plastic",2.815,"2025-06-18T05:18:08.303263Z"

186,"1","uncategorized","2025-06-18T05:18:12.203330Z",190,"https://farm66.staticflickr.com/65535/47855542611_d2f2e144cf_o.png","Plastic",1.781,"2025-06-18T05:18:12.203381Z"

187,"1","uncategorized","2025-06-18T05:18:17.546735Z",191,"https://farm66.staticflickr.com/65535/46939286705_9e6c0203d9_z.jpg","Metal",2.52,"2025-06-18T05:18:25.955706Z"

188,"1","uncategorized","2025-06-18T05:18:19.671945Z",192,"https://farm66.staticflickr.com/65535/46939286705_dee200d5f2_o.png","Metal",3.345,"2025-06-18T05:18:23.827059Z"

189,"1","uncategorized","2025-06-18T05:18:29.668549Z",193,"https://farm66.staticflickr.com/65535/33978235498_d9ac1f1469_z.jpg","Metal",2.803,"2025-06-18T05:18:29.668573Z"

190,"1","uncategorized","2025-06-18T05:18:41.413681Z",194,"https://farm66.staticflickr.com/65535/33978235498_aa4fe1aa2f_o.png","Metal",2.431,"2025-06-18T05:18:41.413702Z"

191,"1","uncategorized","2025-06-18T05:18:45.832675Z",195,"https://farm66.staticflickr.com/65535/47066101104_0a84390b3e_z.jpg","Metal",3.643,"2025-06-18T05:18:45.832691Z"

192,"1","uncategorized","2025-06-18T05:18:47.653496Z",196,"https://farm66.staticflickr.com/65535/47066101104_7ee3d75591_o.png","Metal",1.044,"2025-06-18T05:18:47.653514Z"

193,"1","uncategorized","2025-06-18T05:19:04.793711Z",201,"https://farm66.staticflickr.com/65535/47803377832_105d4deeb6_z.jpg","Paper",0.854,"2025-06-18T05:19:04.793736Z"

194,"1","uncategorized","2025-06-18T05:19:06.428082Z",202,"https://farm66.staticflickr.com/65535/47803377832_5a1210d333_o.png","Paper",0.71,"2025-06-18T05:19:06.428101Z"

195,"1","uncategorized","2025-06-18T05:19:10.553961Z",203,"https://farm66.staticflickr.com/65535/32911550337_c69cdb883a_z.jpg","Plastic",3.003,"2025-06-18T05:19:10.554016Z"

196,"1","uncategorized","2025-06-18T05:19:11.863204Z",204,"https://farm66.staticflickr.com/65535/32911550337_2a87758e0b_o.png","Plastic",0.67,"2025-06-18T05:19:11.863223Z"

197,"1","uncategorized","2025-06-18T05:19:14.788602Z",205,"https://farm66.staticflickr.com/65535/47855674961_2222cd4932_z.jpg","Glass",2.122,"2025-06-18T05:19:14.788619Z"

198,"1","uncategorized","2025-06-18T05:19:16.640011Z",206,"https://farm66.staticflickr.com/65535/47855674961_f42f31f1f6_o.png","Glass",0.556,"2025-06-18T05:19:16.640030Z"

199,"1","uncategorized","2025-06-18T05:19:19.843214Z",207,"https://farm66.staticflickr.com/65535/40889037473_72dddfa42c_z.jpg","Plastic",2.23,"2025-06-18T05:19:19.843231Z"

200,"1","uncategorized","2025-06-18T05:19:22.117397Z",208,"https://farm66.staticflickr.com/65535/40889037473_35965b5a5f_o.png","Plastic",1.368,"2025-06-18T05:19:22.117414Z"

201,"1","uncategorized","2025-06-18T05:19:30.768413Z",209,"https://farm66.staticflickr.com/65535/32911552327_fbe9123110_z.jpg","Paper",7.415,"2025-06-18T05:19:30.768438Z"

202,"1","uncategorized","2025-06-18T05:19:32.646798Z",210,"https://farm66.staticflickr.com/65535/32911552327_427d92f6da_o.png","Paper",1.27,"2025-06-18T05:19:32.646820Z"

203,"1","uncategorized","2025-06-18T05:19:37.095876Z",211,"https://farm66.staticflickr.com/65535/46939416605_9b11ed5411_z.jpg","Plastic",3.176,"2025-06-18T05:19:37.095895Z"

204,"1","uncategorized","2025-06-18T05:19:38.929786Z",212,"https://farm66.staticflickr.com/65535/46939416605_696f60882c_o.png","Plastic",1.002,"2025-06-18T05:19:38.929802Z"

205,"1","uncategorized","2025-06-18T05:19:43.308966Z",213,"https://farm66.staticflickr.com/65535/47066236714_edb193d338_z.jpg","Metal",3.17,"2025-06-18T05:19:43.309001Z"

206,"1","uncategorized","2025-06-18T05:19:44.965499Z",214,"https://farm66.staticflickr.com/65535/47066236714_a36e827a52_o.png","Metal",0.971,"2025-06-18T05:19:44.965517Z"

207,"1","uncategorized","2025-06-18T05:19:50.081076Z",215,"https://farm66.staticflickr.com/65535/33978354478_dec05d1570_z.jpg","Paper",4.151,"2025-06-18T05:19:50.081096Z"

208,"1","uncategorized","2025-06-18T05:19:51.843787Z",216,"https://farm66.staticflickr.com/65535/33978354478_f66b605ac1_o.png","Paper",0.727,"2025-06-18T05:19:51.843923Z"

209,"1","uncategorized","2025-06-18T05:19:56.329416Z",217,"https://farm66.staticflickr.com/65535/40889040103_7e1f9ca9f0_z.jpg","Paper",3.18,"2025-06-18T05:19:56.329433Z"

210,"1","uncategorized","2025-06-18T05:19:58.201805Z",218,"https://farm66.staticflickr.com/65535/40889040103_a63b5f8f0b_o.png","Paper",0.938,"2025-06-18T05:19:58.201828Z"

211,"1","uncategorized","2025-06-18T05:20:02.254094Z",219,"https://farm66.staticflickr.com/65535/46939418515_23a13ce8b0_z.jpg","Plastic",2.877,"2025-06-18T05:20:02.254146Z"

212,"1","uncategorized","2025-06-18T05:20:04.182740Z",220,"https://farm66.staticflickr.com/65535/46939418515_e716753721_o.png","Plastic",0.874,"2025-06-18T05:20:04.182760Z"

213,"1","uncategorized","2025-06-18T05:20:10.197432Z",221,"https://farm66.staticflickr.com/65535/47855679411_1be6470e76_z.jpg","Paper",5.095,"2025-06-18T05:20:10.197454Z"

214,"1","uncategorized","2025-06-18T05:20:12.152413Z",222,"https://farm66.staticflickr.com/65535/47855679411_7278f2ba45_o.png","Paper",1.066,"2025-06-18T05:20:12.152432Z"

215,"1","uncategorized","2025-06-18T05:20:16.329513Z",223,"https://farm66.staticflickr.com/65535/32911556627_a0c8c23ac5_z.jpg","Paper",3.292,"2025-06-18T05:20:16.329532Z"

216,"1","uncategorized","2025-06-18T05:20:22.880118Z",224,"https://farm66.staticflickr.com/65535/32911556627_4ff806be8e_o.png","Paper",4.6,"2025-06-18T05:20:22.880140Z"

217,"1","uncategorized","2025-06-18T05:20:26.994803Z",225,"https://farm66.staticflickr.com/65535/46939420395_100e4c7431_z.jpg","Paper",3.497,"2025-06-18T05:20:26.994821Z"

218,"1","uncategorized","2025-06-18T05:20:32.050136Z",226,"https://farm66.staticflickr.com/65535/46939420395_06beac8f89_o.png","Paper",3.758,"2025-06-18T05:20:32.050173Z"

219,"1","uncategorized","2025-06-18T05:20:35.616102Z",227,"https://farm66.staticflickr.com/65535/47855681931_bd251c3cbc_z.jpg","Plastic",2.935,"2025-06-18T05:20:35.616120Z"

220,"1","uncategorized","2025-06-18T05:20:39.225374Z",228,"https://farm66.staticflickr.com/65535/47855681931_c6229fce9e_o.png","Plastic",2.695,"2025-06-18T05:20:39.225414Z"

221,"1","uncategorized","2025-06-18T05:20:45.228594Z",229,"https://farm66.staticflickr.com/65535/33978359458_5d0542293c_z.jpg","Paper",3.3,"2025-06-18T05:20:45.228616Z"

222,"1","uncategorized","2025-06-18T05:20:46.905927Z",230,"https://farm66.staticflickr.com/65535/33978359458_4b1381e095_o.png","Paper",0.813,"2025-06-18T05:20:46.905946Z"

223,"1","uncategorized","2025-06-18T05:20:51.555818Z",231,"https://farm66.staticflickr.com/65535/32911559587_57d4881800_z.jpg","Plastic",3.483,"2025-06-18T05:20:51.555867Z"

224,"1","uncategorized","2025-06-18T05:20:53.552835Z",232,"https://farm66.staticflickr.com/65535/32911559587_fdec13f792_o.png","Plastic",1.354,"2025-06-18T05:20:53.552855Z"

225,"1","uncategorized","2025-06-18T05:20:56.224900Z",233,"https://farm66.staticflickr.com/65535/33978361098_904feda325_z.jpg","Plastic",1.766,"2025-06-18T05:20:56.224919Z"

226,"1","uncategorized","2025-06-18T05:20:57.839682Z",234,"https://farm66.staticflickr.com/65535/33978361098_bbf81ef39e_o.png","Plastic",0.672,"2025-06-18T05:20:57.839699Z"

227,"1","uncategorized","2025-06-18T05:21:04.627512Z",235,"https://farm66.staticflickr.com/65535/40889047093_888b2673a7_z.jpg","Plastic",5.162,"2025-06-18T05:21:04.627529Z"

228,"1","uncategorized","2025-06-18T05:21:06.431537Z",236,"https://farm66.staticflickr.com/65535/40889047093_cba2e7000f_o.png","Plastic",0.971,"2025-06-18T05:21:06.431556Z"

229,"1","uncategorized","2025-06-18T05:21:09.671278Z",237,"https://farm66.staticflickr.com/65535/40889047743_65bf3c51dc_z.jpg","Plastic",2.317,"2025-06-18T05:21:09.671314Z"

230,"1","uncategorized","2025-06-18T05:21:12.645596Z",238,"https://farm66.staticflickr.com/65535/40889047743_744374aa82_o.png","Plastic",1.376,"2025-06-18T05:21:12.645616Z"

233,"1","uncategorized","2025-06-18T05:21:26.193620Z",241,"https://farm66.staticflickr.com/65535/40889049683_f2da7a20d2_z.jpg","Plastic",4.986,"2025-06-18T05:21:26.193637Z"

234,"1","uncategorized","2025-06-18T05:21:28.010134Z",242,"https://farm66.staticflickr.com/65535/40889049683_10739a972c_o.png","Plastic",0.805,"2025-06-18T05:21:28.010154Z"

235,"1","uncategorized","2025-06-18T05:21:33.229105Z",243,"https://farm66.staticflickr.com/65535/32911562237_fe1d0c0c55_z.jpg","Glass",3.432,"2025-06-18T05:21:33.229159Z"

236,"1","uncategorized","2025-06-18T05:21:35.577910Z",244,"https://farm66.staticflickr.com/65535/32911562237_6714aee967_o.png","Glass",1.651,"2025-06-18T05:21:35.577928Z"

237,"1","uncategorized","2025-06-18T05:21:39.493297Z",245,"https://farm66.staticflickr.com/65535/40889050463_b7c99d3888_z.jpg","Glass",2.273,"2025-06-18T05:21:39.493316Z"

238,"1","uncategorized","2025-06-18T05:21:42.238939Z",246,"https://farm66.staticflickr.com/65535/40889050463_4528cc2e2c_o.png","Glass",1.02,"2025-06-18T05:21:42.238961Z"

239,"1","uncategorized","2025-06-18T05:21:47.277067Z",247,"https://farm66.staticflickr.com/65535/47066242794_a9f40558f3_z.jpg","Paper",4.083,"2025-06-18T05:21:47.277086Z"

240,"1","uncategorized","2025-06-18T05:21:49.753520Z",248,"https://farm66.staticflickr.com/65535/47066242794_3cfe79b582_o.png","Paper",1.107,"2025-06-18T05:21:49.753540Z"

241,"1","uncategorized","2025-06-18T05:21:55.752385Z",249,"https://farm66.staticflickr.com/65535/40889051333_81abfa7a87_z.jpg","Metal",3.888,"2025-06-18T05:21:55.752429Z"

242,"1","uncategorized","2025-06-18T05:21:58.169453Z",250,"https://farm66.staticflickr.com/65535/40889051333_0ecd8d4a91_o.png","Metal",1.614,"2025-06-18T05:21:58.169470Z"

243,"1","uncategorized","2025-06-18T05:22:03.701378Z",251,"https://farm66.staticflickr.com/65535/32911564227_74f93cca57_z.jpg","Metal",4.295,"2025-06-18T05:22:03.701396Z"

244,"1","uncategorized","2025-06-18T05:22:05.098865Z",252,"https://farm66.staticflickr.com/65535/32911564227_fdc6cac581_o.png","Metal",0.762,"2025-06-18T05:22:05.098884Z"

245,"1","uncategorized","2025-06-18T05:22:11.524698Z",253,"https://farm66.staticflickr.com/65535/47855689771_cd6c6dee59_z.jpg","Paper",5.292,"2025-06-18T05:22:11.524740Z"

246,"1","uncategorized","2025-06-18T05:22:22.978800Z",254,"https://farm66.staticflickr.com/65535/47855689771_b4abc9779c_o.png","Paper",3.965,"2025-06-18T05:22:22.978838Z"

247,"1","uncategorized","2025-06-18T05:22:27.929583Z",255,"https://farm66.staticflickr.com/65535/40889052653_d2e59f668f_z.jpg","Paper",4.392,"2025-06-18T05:22:27.929602Z"

248,"1","uncategorized","2025-06-18T05:22:29.792326Z",256,"https://farm66.staticflickr.com/65535/40889052653_689d5db6b7_o.png","Paper",0.889,"2025-06-18T05:22:29.792359Z"

249,"1","uncategorized","2025-06-18T05:22:34.326011Z",257,"https://farm66.staticflickr.com/65535/32911565907_6761524a67_z.jpg","Metal",3.268,"2025-06-18T05:22:34.326027Z"

250,"1","uncategorized","2025-06-18T05:22:36.991681Z",258,"https://farm66.staticflickr.com/65535/32911565907_5506233aea_o.png","Metal",1.824,"2025-06-18T05:22:36.991698Z"

251,"1","uncategorized","2025-06-18T05:22:42.319864Z",259,"https://farm66.staticflickr.com/65535/47855692151_e05faaa002_z.jpg","Glass",4.224,"2025-06-18T05:22:42.319887Z"

252,"1","uncategorized","2025-06-18T05:22:45.990567Z",260,"https://farm66.staticflickr.com/65535/47855692151_8013afbd28_o.png","Glass",2.516,"2025-06-18T05:22:45.990585Z"

253,"1","uncategorized","2025-06-18T05:22:50.851084Z",261,"https://farm66.staticflickr.com/65535/40889054403_6aaedf1658_z.jpg","Metal",8.658,"2025-06-18T05:22:58.819256Z"

254,"1","uncategorized","2025-06-18T05:23:01.380498Z",262,"https://farm66.staticflickr.com/65535/40889054403_4e68dbc99b_o.png","Metal",3.043,"2025-06-18T05:23:01.380527Z"

255,"1","uncategorized","2025-06-18T05:23:05.001898Z",263,"https://farm66.staticflickr.com/65535/47803521842_3479817c0f_z.jpg","Plastic",2.502,"2025-06-18T05:23:05.001922Z"

256,"1","uncategorized","2025-06-18T05:23:07.106569Z",264,"https://farm66.staticflickr.com/65535/47803521842_15737756d4_o.png","Plastic",1.18,"2025-06-18T05:23:07.106590Z"

257,"1","uncategorized","2025-06-18T05:23:12.603384Z",265,"https://farm66.staticflickr.com/65535/47066245974_734458aa67_z.jpg","Plastic",3.449,"2025-06-18T05:23:12.603418Z"

258,"1","uncategorized","2025-06-18T05:23:13.879938Z",266,"https://farm66.staticflickr.com/65535/47066245974_0e67b26327_o.png","Plastic",0.664,"2025-06-18T05:23:13.879956Z"

259,"1","uncategorized","2025-06-18T05:23:17.433306Z",267,"https://farm66.staticflickr.com/65535/46939431325_f5e51ffb0d_z.jpg","Plastic",2.752,"2025-06-18T05:23:17.433323Z"

260,"1","uncategorized","2025-06-18T05:23:19.249818Z",268,"https://farm66.staticflickr.com/65535/46939431325_6b57c4cb12_o.png","Plastic",0.897,"2025-06-18T05:23:19.249841Z"

261,"1","uncategorized","2025-06-18T05:23:24.391256Z",269,"https://farm66.staticflickr.com/65535/40889056553_57ccb871ec_z.jpg","Metal",2.743,"2025-06-18T05:23:24.391281Z"

262,"1","uncategorized","2025-06-18T05:23:26.690303Z",270,"https://farm66.staticflickr.com/65535/40889056553_88ca11b53b_o.png","Metal",1.399,"2025-06-18T05:23:26.690331Z"

263,"1","uncategorized","2025-06-18T05:23:32.151286Z",271,"https://farm66.staticflickr.com/65535/40889057203_0e5e5f927b_z.jpg","Metal",4.283,"2025-06-18T05:23:32.151322Z"

264,"1","uncategorized","2025-06-18T05:23:33.988159Z",272,"https://farm66.staticflickr.com/65535/40889057203_2d0d772075_o.png","Metal",1.066,"2025-06-18T05:23:33.988178Z"

265,"1","uncategorized","2025-06-18T05:23:37.813936Z",273,"https://farm66.staticflickr.com/65535/32911572207_75c8a864bb_z.jpg","Metal",2.892,"2025-06-18T05:23:37.813955Z"

266,"1","uncategorized","2025-06-18T05:23:39.711255Z",274,"https://farm66.staticflickr.com/65535/32911572207_74ebc2f2e2_o.png","Metal",0.988,"2025-06-18T05:23:39.711277Z"

267,"1","uncategorized","2025-06-18T05:23:43.873876Z",275,"https://farm66.staticflickr.com/65535/40889058283_2e117733c9_z.jpg","Metal",2.302,"2025-06-18T05:23:43.873898Z"

268,"1","uncategorized","2025-06-18T05:23:46.750694Z",276,"https://farm66.staticflickr.com/65535/40889058283_5a60b778e8_o.png","Metal",1.836,"2025-06-18T05:23:46.750735Z"

269,"1","uncategorized","2025-06-18T05:23:49.158305Z",277,"https://farm66.staticflickr.com/65535/32911574107_eedce0331a_z.jpg","Metal",1.549,"2025-06-18T05:23:49.158324Z"

270,"1","uncategorized","2025-06-18T05:23:51.984393Z",278,"https://farm66.staticflickr.com/65535/32911574107_77eb69b244_o.png","Metal",1.596,"2025-06-18T05:23:51.984432Z"

271,"1","uncategorized","2025-06-18T05:23:55.335059Z",279,"https://farm66.staticflickr.com/65535/46939435375_4656408631_z.jpg","Plastic",2.761,"2025-06-18T05:23:55.335076Z"

272,"1","uncategorized","2025-06-18T05:23:58.248226Z",280,"https://farm66.staticflickr.com/65535/46939435375_7d5ca01d5c_o.png","Plastic",1.612,"2025-06-18T05:23:58.248245Z"

273,"1","uncategorized","2025-06-18T05:24:04.257977Z",281,"https://farm66.staticflickr.com/65535/47066254014_0453e4729d_z.jpg","Metal",4.851,"2025-06-18T05:24:04.257998Z"

274,"1","uncategorized","2025-06-18T05:24:05.791632Z",282,"https://farm66.staticflickr.com/65535/47066254014_6559944349_o.png","Metal",0.825,"2025-06-18T05:24:05.791652Z"

275,"1","uncategorized","2025-06-18T05:24:11.376253Z",283,"https://farm66.staticflickr.com/65535/47803529882_44912bafa6_z.jpg","Paper",4.376,"2025-06-18T05:24:11.376286Z"

276,"1","uncategorized","2025-06-18T05:24:17.660741Z",284,"https://farm66.staticflickr.com/65535/47803529882_f137b61878_o.png","Paper",5.307,"2025-06-18T05:24:17.660759Z"

277,"1","uncategorized","2025-06-18T05:24:27.245797Z",285,"https://farm66.staticflickr.com/65535/40889060803_5efb04379d_z.jpg","Paper",7.644,"2025-06-18T05:24:27.245816Z"

278,"1","uncategorized","2025-06-18T05:24:28.925121Z",286,"https://farm66.staticflickr.com/65535/40889060803_d7c3d2189d_o.png","Paper",0.843,"2025-06-18T05:24:28.925141Z"

279,"1","uncategorized","2025-06-18T05:24:32.030696Z",287,"https://farm66.staticflickr.com/65535/40889061403_202875d490_z.jpg","Plastic",5.416,"2025-06-18T05:24:36.219590Z"

280,"1","uncategorized","2025-06-18T05:24:38.246136Z",288,"https://farm66.staticflickr.com/65535/40889061403_e26b8e8ce4_o.png","Plastic",1.204,"2025-06-18T05:24:38.246156Z"

281,"1","uncategorized","2025-06-18T05:24:44.531764Z",289,"https://farm66.staticflickr.com/65535/46939437955_ef1c0e9e30_z.jpg","Plastic",5.023,"2025-06-18T05:24:44.531817Z"

282,"1","uncategorized","2025-06-18T05:24:49.407716Z",290,"https://farm66.staticflickr.com/65535/46939437955_7a28effbcf_o.png","Plastic",3.729,"2025-06-18T05:24:49.407741Z"

283,"1","uncategorized","2025-06-18T05:24:57.268478Z",291,"https://farm66.staticflickr.com/65535/47803532112_e130c479e6_z.jpg","Plastic",6.608,"2025-06-18T05:24:57.268509Z"

284,"1","uncategorized","2025-06-18T05:24:58.985038Z",292,"https://farm66.staticflickr.com/65535/47803532112_c4ace4cd6b_o.png","Plastic",0.916,"2025-06-18T05:24:58.985083Z"

285,"1","uncategorized","2025-06-18T05:25:02.812372Z",293,"https://farm66.staticflickr.com/65535/47066258334_a262ff7631_z.jpg","Plastic",2.598,"2025-06-18T05:25:02.812410Z"

286,"1","uncategorized","2025-06-18T05:25:05.728843Z",294,"https://farm66.staticflickr.com/65535/47066258334_bbab99c7b0_o.png","Plastic",2.165,"2025-06-18T05:25:05.728860Z"

287,"1","uncategorized","2025-06-18T05:25:13.348824Z",295,"https://farm66.staticflickr.com/65535/47855707671_229f7036ae_z.jpg","Plastic",4.829,"2025-06-18T05:25:13.348842Z"

288,"1","uncategorized","2025-06-18T05:25:18.286311Z",296,"https://farm66.staticflickr.com/65535/47855707671_4f31623298_o.png","Plastic",3.769,"2025-06-18T05:25:18.286391Z"

289,"1","uncategorized","2025-06-18T05:25:21.083981Z",297,"https://farm66.staticflickr.com/65535/47855708551_384ed1c1ef_z.jpg","Plastic",1.493,"2025-06-18T05:25:21.084003Z"

290,"1","uncategorized","2025-06-18T05:25:22.725200Z",298,"https://farm66.staticflickr.com/65535/47855708551_d34ef0f3da_o.png","Plastic",0.877,"2025-06-18T05:25:22.725218Z"

291,"1","uncategorized","2025-06-18T05:25:28.995419Z",299,"https://farm66.staticflickr.com/65535/47066260544_cbbe3b6b7d_z.jpg","Metal",4.308,"2025-06-18T05:25:28.995445Z"

292,"1","uncategorized","2025-06-18T05:25:31.097988Z",300,"https://farm66.staticflickr.com/65535/47066260544_0ec9e38b58_o.png","Metal",0.837,"2025-06-18T05:25:31.098037Z"

293,"1","uncategorized","2025-06-18T05:25:39.911023Z",301,"https://farm66.staticflickr.com/65535/33978375058_5dccc704cc_z.jpg","Metal",7.73,"2025-06-18T05:25:39.911041Z"

294,"1","uncategorized","2025-06-18T05:25:44.543776Z",302,"https://farm66.staticflickr.com/65535/33978375058_b992cd915c_o.png","Metal",5.321999999999999,"2025-06-18T05:25:46.896800Z"

295,"1","uncategorized","2025-06-18T05:25:52.743951Z",303,"https://farm66.staticflickr.com/65535/47855710851_9577db1e4a_z.jpg","Plastic",4.667,"2025-06-18T05:25:52.743977Z"

296,"1","uncategorized","2025-06-18T05:25:54.079041Z",304,"https://farm66.staticflickr.com/65535/47855710851_fb7d20bc58_o.png","Plastic",0.642,"2025-06-18T05:25:54.079058Z"

297,"1","uncategorized","2025-06-18T05:26:02.595563Z",307,"https://farm66.staticflickr.com/65535/46939444585_e806f9cbc8_z.jpg","Plastic",2.417,"2025-06-18T05:26:02.595606Z"

298,"1","uncategorized","2025-06-18T05:26:04.248057Z",308,"https://farm66.staticflickr.com/65535/46939444585_8ef8fc89be_o.png","Plastic",0.807,"2025-06-18T05:26:04.248074Z"

299,"1","uncategorized","2025-06-18T05:26:09.562794Z",309,"https://farm66.staticflickr.com/65535/40889071413_b0c52acde7_z.jpg","Paper",4.398,"2025-06-18T05:26:09.562817Z"

300,"1","uncategorized","2025-06-18T05:26:13.540352Z",310,"https://farm66.staticflickr.com/65535/40889071413_7cc0553b07_o.png","Paper",2.182,"2025-06-18T05:26:13.540384Z"

301,"1","uncategorized","2025-06-18T05:26:18.073463Z",311,"https://farm66.staticflickr.com/65535/46939445485_f76d982279_z.jpg","Plastic",3.672,"2025-06-18T05:26:18.073480Z"

302,"1","uncategorized","2025-06-18T05:26:21.097150Z",312,"https://farm66.staticflickr.com/65535/46939445485_8c2159d008_o.png","Plastic",1.722,"2025-06-18T05:26:21.097244Z"

303,"1","uncategorized","2025-06-18T05:26:25.120695Z",313,"https://farm66.staticflickr.com/65535/46939445965_d7964d076f_z.jpg","Metal",3.385,"2025-06-18T05:26:25.120716Z"

304,"1","uncategorized","2025-06-18T05:26:27.733415Z",314,"https://farm66.staticflickr.com/65535/46939445965_86fdbb614c_o.png","Metal",1.727,"2025-06-18T05:26:27.733433Z"

305,"1","uncategorized","2025-06-18T05:26:32.358638Z",315,"https://farm66.staticflickr.com/65535/46939446335_00442fe45e_z.jpg","Paper",2.645,"2025-06-18T05:26:32.358673Z"

306,"1","uncategorized","2025-06-18T05:26:33.863882Z",316,"https://farm66.staticflickr.com/65535/46939446335_9266291f59_o.png","Paper",0.882,"2025-06-18T05:26:33.863901Z"

307,"1","uncategorized","2025-06-18T05:26:36.828455Z",317,"https://farm66.staticflickr.com/65535/47855713161_c74927d28c_z.jpg","Plastic",1.888,"2025-06-18T05:26:36.828473Z"

308,"1","uncategorized","2025-06-18T05:26:42.396105Z",319,"https://farm66.staticflickr.com/65535/40889074593_216d0d08a6_z.jpg","Plastic",3.622,"2025-06-18T05:26:42.396138Z"

309,"1","uncategorized","2025-06-18T05:26:45.020125Z",320,"https://farm66.staticflickr.com/65535/40889074593_32c7d897ff_o.png","Plastic",1.922,"2025-06-18T05:26:45.020141Z"

310,"1","uncategorized","2025-06-18T05:26:48.874460Z",321,"https://farm66.staticflickr.com/65535/32911590747_4a0fbe8dc8_z.jpg","Paper",2.9,"2025-06-18T05:26:48.874479Z"

311,"1","uncategorized","2025-06-18T05:26:52.577708Z",322,"https://farm66.staticflickr.com/65535/32911590747_0148c2506c_o.png","Paper",2.552,"2025-06-18T05:26:52.577730Z"

312,"1","uncategorized","2025-06-18T05:26:56.733569Z",323,"https://farm66.staticflickr.com/65535/32911591877_89ba025f42_z.jpg","Paper",3.578,"2025-06-18T05:26:56.733587Z"

313,"1","uncategorized","2025-06-18T05:26:59.828618Z",324,"https://farm66.staticflickr.com/65535/32911591877_76c87459e4_o.png","Paper",2.194,"2025-06-18T05:26:59.828636Z"

314,"1","uncategorized","2025-06-18T05:27:06.055602Z",325,"https://farm66.staticflickr.com/65535/47855714981_4a3ce70d30_z.jpg","Plastic",4.453,"2025-06-18T05:27:06.055620Z"

315,"1","uncategorized","2025-06-18T05:27:16.588333Z",326,"https://farm66.staticflickr.com/65535/47855714981_5f93f55b1f_o.png","Plastic",5.372,"2025-06-18T05:27:16.588351Z"

316,"1","uncategorized","2025-06-18T05:27:18.471215Z",327,"https://farm66.staticflickr.com/65535/47855715381_45f6ca2338_z.jpg","Plastic",0.845,"2025-06-18T05:27:18.471233Z"

317,"1","uncategorized","2025-06-18T05:27:21.012277Z",328,"https://farm66.staticflickr.com/65535/47855715381_9333869cc8_o.png","Plastic",0.827,"2025-06-18T05:27:21.012300Z"

318,"1","uncategorized","2025-06-18T05:27:24.154092Z",329,"https://farm66.staticflickr.com/65535/47066269614_f39a0f7d5d_z.jpg","Plastic",2.452,"2025-06-18T05:27:24.154147Z"

319,"1","uncategorized","2025-06-18T05:27:26.206011Z",330,"https://farm66.staticflickr.com/65535/47066269614_c86c132a1e_o.png","Plastic",0.971,"2025-06-18T05:27:26.206029Z"

320,"1","uncategorized","2025-06-18T05:27:29.933258Z",331,"https://farm66.staticflickr.com/65535/40889078143_b4d6fe1d49_z.jpg","Paper",4.265000000000001,"2025-06-18T05:27:32.736290Z"

321,"1","uncategorized","2025-06-18T05:27:37.206385Z",332,"https://farm66.staticflickr.com/65535/40889078143_c8222cc338_o.png","Paper",0.963,"2025-06-18T05:27:37.206404Z"

322,"1","uncategorized","2025-06-18T05:27:41.572377Z",333,"https://farm66.staticflickr.com/65535/47855717521_6e91e332d6_z.jpg","Glass",3.081,"2025-06-18T05:27:41.572456Z"

323,"1","uncategorized","2025-06-18T05:27:43.605921Z",334,"https://farm66.staticflickr.com/65535/47855717521_a445d8354d_o.png","Glass",1.041,"2025-06-18T05:27:43.605941Z"

324,"1","uncategorized","2025-06-18T05:27:46.157653Z",335,"https://farm66.staticflickr.com/65535/40889079393_59f957b50f_z.jpg","Metal",1.6,"2025-06-18T05:27:46.157681Z"

325,"1","uncategorized","2025-06-18T05:27:48.474852Z",336,"https://farm66.staticflickr.com/65535/40889079393_4dc166cf15_o.png","Metal",0.718,"2025-06-18T05:27:48.474869Z"

326,"1","uncategorized","2025-06-18T05:27:52.270784Z",337,"https://farm66.staticflickr.com/65535/40889079733_664fcc767c_z.jpg","Plastic",2.118,"2025-06-18T05:27:52.270820Z"

327,"1","uncategorized","2025-06-18T05:27:55.321926Z",338,"https://farm66.staticflickr.com/65535/40889079733_96b68dc02a_o.png","Plastic",1.145,"2025-06-18T05:27:55.321953Z"

328,"1","uncategorized","2025-06-18T05:27:59.253845Z",339,"https://farm66.staticflickr.com/65535/46939449615_ef8eeec1ce_z.jpg","Paper",3.03,"2025-06-18T05:27:59.253864Z"

329,"1","uncategorized","2025-06-18T05:28:02.834372Z",340,"https://farm66.staticflickr.com/65535/46939449615_99e5e48d6a_o.png","Paper",2.267,"2025-06-18T05:28:02.834438Z"

330,"1","uncategorized","2025-06-18T05:28:12.216221Z",341,"https://farm66.staticflickr.com/65535/40889080603_b432bfe3b3_z.jpg","Paper",8.346,"2025-06-18T05:28:12.216245Z"

331,"1","uncategorized","2025-06-18T05:28:13.722718Z",342,"https://farm66.staticflickr.com/65535/40889080603_cc6d0d0b2c_o.png","Paper",0.84,"2025-06-18T05:28:13.722735Z"

332,"1","uncategorized","2025-06-18T05:28:19.354071Z",343,"https://farm66.staticflickr.com/65535/47803543742_ba3bc4baa8_z.jpg","Metal",4.228,"2025-06-18T05:28:19.354088Z"

333,"1","uncategorized","2025-06-18T05:28:21.574987Z",344,"https://farm66.staticflickr.com/65535/47803543742_5b8db45822_o.png","Metal",0.934,"2025-06-18T05:28:21.575040Z"

334,"1","uncategorized","2025-06-18T05:28:24.830685Z",345,"https://farm66.staticflickr.com/65535/33978380738_fd19c8cdf9_z.jpg","Plastic",2.324,"2025-06-18T05:28:24.830701Z"

335,"1","uncategorized","2025-06-18T05:28:27.801887Z",346,"https://farm66.staticflickr.com/65535/33978380738_7aef404481_o.png","Plastic",1.498,"2025-06-18T05:28:27.801909Z"

336,"1","uncategorized","2025-06-18T05:28:33.525618Z",347,"https://farm66.staticflickr.com/65535/33978381248_76b4f9bf66_z.jpg","Glass",9.378,"2025-06-18T05:28:39.023594Z"

337,"1","uncategorized","2025-06-18T05:28:41.333114Z",348,"https://farm66.staticflickr.com/65535/33978381248_30198c2efc_o.png","Glass",1.192,"2025-06-18T05:28:41.333179Z"

338,"1","uncategorized","2025-06-18T05:28:45.082330Z",349,"https://farm66.staticflickr.com/65535/47803546272_b0e49cf94b_z.jpg","Plastic",3.104,"2025-06-18T05:28:45.082347Z"

339,"1","uncategorized","2025-06-18T05:28:47.936792Z",350,"https://farm66.staticflickr.com/65535/47803546272_9da018c6d8_o.png","Plastic",2.088,"2025-06-18T05:28:47.936812Z"

340,"1","uncategorized","2025-06-18T05:28:51.004652Z",351,"https://farm66.staticflickr.com/65535/32911601367_8f774fa8a4_z.jpg","Plastic",1.825,"2025-06-18T05:28:51.004674Z"

341,"1","uncategorized","2025-06-18T05:28:54.694733Z",352,"https://farm66.staticflickr.com/65535/32911601367_cbdc0944fc_o.png","Plastic",0.96,"2025-06-18T05:28:54.694753Z"

342,"1","uncategorized","2025-06-18T05:28:59.553302Z",353,"https://farm66.staticflickr.com/65535/47803548232_bb5aa7ccec_z.jpg","Metal",2.917,"2025-06-18T05:28:59.553321Z"

343,"1","uncategorized","2025-06-18T05:29:01.744027Z",354,"https://farm66.staticflickr.com/65535/47803548232_fc0b7a1b6e_o.png","Metal",1.102,"2025-06-18T05:29:01.744064Z"

344,"1","uncategorized","2025-06-18T05:29:05.091300Z",355,"https://farm66.staticflickr.com/65535/40889085893_59ff3c3891_z.jpg","Plastic",2.179,"2025-06-18T05:29:05.091323Z"

345,"1","uncategorized","2025-06-18T05:29:06.617141Z",356,"https://farm66.staticflickr.com/65535/40889085893_741f45d8bf_o.png","Plastic",0.678,"2025-06-18T05:29:06.617160Z"

346,"1","uncategorized","2025-06-18T05:29:12.241162Z",357,"https://farm66.staticflickr.com/65535/46939452025_527439a6b1_z.jpg","Paper",4.474,"2025-06-18T05:29:12.241212Z"

347,"1","uncategorized","2025-06-18T05:29:13.683362Z",358,"https://farm66.staticflickr.com/65535/46939452025_536623f1a7_o.png","Paper",0.833,"2025-06-18T05:29:13.683381Z"

348,"1","uncategorized","2025-06-18T05:29:20.415726Z",359,"https://farm66.staticflickr.com/65535/47066278544_072c7f6ca1_z.jpg","Plastic",7.96,"2025-06-18T05:29:24.751081Z"

349,"1","uncategorized","2025-06-18T05:29:27.234782Z",360,"https://farm66.staticflickr.com/65535/47066278544_8b37ffcd4f_o.png","Plastic",1.483,"2025-06-18T05:29:27.234800Z"

350,"1","uncategorized","2025-06-18T05:29:30.310994Z",361,"https://farm66.staticflickr.com/65535/47066278964_7e87a48ae2_z.jpg","Plastic",2.058,"2025-06-18T05:29:30.311009Z"

351,"1","uncategorized","2025-06-18T05:29:32.994762Z",362,"https://farm66.staticflickr.com/65535/47066278964_fc9fddac8c_o.png","Plastic",1.736,"2025-06-18T05:29:32.994778Z"

352,"1","uncategorized","2025-06-18T05:29:36.080211Z",363,"https://farm66.staticflickr.com/65535/40889087173_8798c7906f_z.jpg","Plastic",2.196,"2025-06-18T05:29:36.080228Z"

353,"1","uncategorized","2025-06-18T05:29:38.576229Z",364,"https://farm66.staticflickr.com/65535/40889087173_e64dc1b13b_o.png","Plastic",1.617,"2025-06-18T05:29:38.576247Z"

354,"1","uncategorized","2025-06-18T05:29:42.638003Z",365,"https://farm66.staticflickr.com/65535/47803550992_fe69288fc6_z.jpg","Plastic",2.36,"2025-06-18T05:29:42.638040Z"

355,"1","uncategorized","2025-06-18T05:29:44.575127Z",366,"https://farm66.staticflickr.com/65535/47803550992_b42948d081_o.png","Plastic",1.206,"2025-06-18T05:29:44.575146Z"

356,"1","uncategorized","2025-06-18T05:29:47.739844Z",367,"https://farm66.staticflickr.com/65535/32911604417_5f4b0fa0ff_z.jpg","Plastic",2.375,"2025-06-18T05:29:47.739867Z"

357,"1","uncategorized","2025-06-18T05:29:51.266926Z",368,"https://farm66.staticflickr.com/65535/32911604417_0e6d083ba4_o.png","Plastic",2.352,"2025-06-18T05:29:51.266988Z"

358,"1","uncategorized","2025-06-18T05:29:54.439883Z",369,"https://farm66.staticflickr.com/65535/32911605027_bc8cf915f7_z.jpg","Plastic",2.159,"2025-06-18T05:29:54.439903Z"

359,"1","uncategorized","2025-06-18T05:29:56.200991Z",370,"https://farm66.staticflickr.com/65535/32911605027_cb8da2ed42_o.png","Plastic",0.94,"2025-06-18T05:29:56.201013Z"

360,"1","uncategorized","2025-06-18T05:29:58.645708Z",371,"https://farm66.staticflickr.com/65535/47855726521_ce3ded3804_z.jpg","Plastic",1.607,"2025-06-18T05:29:58.645730Z"

361,"1","uncategorized","2025-06-18T05:30:00.287981Z",372,"https://farm66.staticflickr.com/65535/47855726521_bb919bf6f8_o.png","Plastic",0.831,"2025-06-18T05:30:00.287999Z"

362,"1","uncategorized","2025-06-18T05:30:02.891494Z",373,"https://farm66.staticflickr.com/65535/46939454525_2e5281a8c3_z.jpg","Plastic",1.311,"2025-06-18T05:30:02.891513Z"

363,"1","uncategorized","2025-06-18T05:30:04.835131Z",374,"https://farm66.staticflickr.com/65535/46939454525_c44b3e0be3_o.png","Plastic",1.019,"2025-06-18T05:30:04.835150Z"

364,"1","uncategorized","2025-06-18T05:30:11.196607Z",375,"https://farm66.staticflickr.com/65535/40889089153_1c64a9b219_z.jpg","Plastic",4.306,"2025-06-18T05:30:11.196627Z"

365,"1","uncategorized","2025-06-18T05:30:21.268037Z",376,"https://farm66.staticflickr.com/65535/40889089153_25c704c1fc_o.png","Plastic",3.448,"2025-06-18T05:30:21.268101Z"

366,"1","uncategorized","2025-06-18T05:30:25.975900Z",377,"https://farm66.staticflickr.com/65535/46939455235_91a4a79623_z.jpg","Paper",4.096,"2025-06-18T05:30:25.975917Z"

367,"1","uncategorized","2025-06-18T05:30:27.878910Z",378,"https://farm66.staticflickr.com/65535/46939455235_a08e03df35_o.png","Paper",0.992,"2025-06-18T05:30:27.878932Z"

368,"1","uncategorized","2025-06-18T05:30:33.209363Z",379,"https://farm66.staticflickr.com/65535/40889089933_6e7c24611a_z.jpg","Paper",4.226,"2025-06-18T05:30:33.209384Z"

369,"1","uncategorized","2025-06-18T05:30:35.975836Z",380,"https://farm66.staticflickr.com/65535/40889089933_cd94012f7b_o.png","Paper",1.012,"2025-06-18T05:30:35.975863Z"

370,"1","uncategorized","2025-06-18T05:30:39.377001Z",381,"https://farm66.staticflickr.com/65535/40889091053_e5fcda5a48_z.jpg","Plastic",2.598,"2025-06-18T05:30:39.377018Z"

371,"1","uncategorized","2025-06-18T05:30:42.530012Z",382,"https://farm66.staticflickr.com/65535/40889091053_54f5a884ed_o.png","Plastic",1.148,"2025-06-18T05:30:42.530030Z"

372,"1","uncategorized","2025-06-18T05:30:44.652118Z",383,"https://farm66.staticflickr.com/65535/33978388948_15e864385a_z.jpg","Plastic",1.249,"2025-06-18T05:30:44.652135Z"

373,"1","uncategorized","2025-06-18T05:30:46.242848Z",384,"https://farm66.staticflickr.com/65535/33978388948_f66de62af0_o.png","Plastic",0.737,"2025-06-18T05:30:46.242866Z"

374,"1","uncategorized","2025-06-18T05:30:48.417325Z",385,"https://farm66.staticflickr.com/65535/46939458455_6653bf93a1_z.jpg","Plastic",1.354,"2025-06-18T05:30:48.417343Z"

375,"1","uncategorized","2025-06-18T05:30:50.085178Z",386,"https://farm66.staticflickr.com/65535/46939458455_f45f4e6765_o.png","Plastic",0.763,"2025-06-18T05:30:50.085200Z"

376,"1","uncategorized","2025-06-18T05:30:57.153638Z",389,"https://farm66.staticflickr.com/65535/47855755661_b3220d00da_z.jpg","Plastic",2.067,"2025-06-18T05:30:57.153657Z"

377,"1","uncategorized","2025-06-18T05:30:59.582832Z",390,"https://farm66.staticflickr.com/65535/47855755661_7e607f98f3_o.png","Plastic",0.936,"2025-06-18T05:30:59.582849Z"

378,"1","uncategorized","2025-06-18T05:31:02.541081Z",391,"https://farm66.staticflickr.com/65535/46939486395_5e0928d2d7_z.jpg","Metal",3.289,"2025-06-18T05:31:07.530219Z"

379,"1","uncategorized","2025-06-18T05:31:10.113563Z",392,"https://farm66.staticflickr.com/65535/46939486395_641f3c7739_o.png","Metal",1.663,"2025-06-18T05:31:10.113584Z"

380,"1","uncategorized","2025-06-18T05:31:15.591648Z",393,"https://farm66.staticflickr.com/65535/46939487015_62e75bcf39_z.jpg","Metal",4.096,"2025-06-18T05:31:15.591666Z"

381,"1","uncategorized","2025-06-18T05:31:17.376398Z",394,"https://farm66.staticflickr.com/65535/46939487015_c457a93178_o.png","Metal",0.799,"2025-06-18T05:31:17.376417Z"

382,"1","uncategorized","2025-06-18T05:31:20.620471Z",395,"https://farm66.staticflickr.com/65535/32911642107_c9d2fd868c_z.jpg","Plastic",2.429,"2025-06-18T05:31:20.620506Z"

383,"1","uncategorized","2025-06-18T05:31:24.599374Z",396,"https://farm66.staticflickr.com/65535/32911642107_7f74f08ca0_o.png","Plastic",2.021,"2025-06-18T05:31:24.599403Z"

384,"1","uncategorized","2025-06-18T05:31:28.184060Z",397,"https://farm66.staticflickr.com/65535/40889122913_4632453b9c_z.jpg","Plastic",2.637,"2025-06-18T05:31:28.184087Z"

385,"1","uncategorized","2025-06-18T05:31:31.120426Z",398,"https://farm66.staticflickr.com/65535/40889122913_83a60dbeb9_o.png","Plastic",1.735,"2025-06-18T05:31:31.120451Z"

386,"1","uncategorized","2025-06-18T05:31:36.317064Z",399,"https://farm66.staticflickr.com/65535/47066307114_6202f74066_z.jpg","Plastic",1.229,"2025-06-18T05:31:36.317083Z"

387,"1","uncategorized","2025-06-18T05:31:38.962578Z",400,"https://farm66.staticflickr.com/65535/47066307114_8f7bcde345_o.png","Plastic",1.424,"2025-06-18T05:31:38.962596Z"

388,"1","uncategorized","2025-06-18T05:31:43.431257Z",401,"https://farm66.staticflickr.com/65535/47066308414_c395d0463f_z.jpg","Plastic",3.266,"2025-06-18T05:31:43.431283Z"

389,"1","uncategorized","2025-06-18T05:31:45.079106Z",402,"https://farm66.staticflickr.com/65535/47066308414_294f3bab84_o.png","Plastic",1.02,"2025-06-18T05:31:45.079123Z"

390,"1","uncategorized","2025-06-18T05:31:49.577904Z",403,"https://farm66.staticflickr.com/65535/33978416818_3103cfd96e_z.jpg","Metal",3.079,"2025-06-18T05:31:49.577951Z"

391,"1","uncategorized","2025-06-18T05:31:51.875375Z",404,"https://farm66.staticflickr.com/65535/33978416818_340d3bdda1_o.png","Metal",1.092,"2025-06-18T05:31:51.875401Z"

392,"1","uncategorized","2025-06-18T05:31:56.994035Z",405,"https://farm66.staticflickr.com/65535/47855757651_46756e77c7_z.jpg","Paper",4.49,"2025-06-18T05:31:56.994063Z"

393,"1","uncategorized","2025-06-18T05:32:02.502325Z",406,"https://farm66.staticflickr.com/65535/47855757651_1aaaf21ec2_o.png","Paper",3.84,"2025-06-18T05:32:02.502342Z"

394,"1","uncategorized","2025-06-18T05:32:12.619235Z",409,"https://farm66.staticflickr.com/65535/47803587912_3edc52e913_z.jpg","Paper",5.828,"2025-06-18T05:32:12.619286Z"

395,"1","uncategorized","2025-06-18T05:32:14.521816Z",410,"https://farm66.staticflickr.com/65535/47803587912_7c8a253afe_o.png","Paper",0.804,"2025-06-18T05:32:14.521838Z"

396,"1","uncategorized","2025-06-18T05:32:18.503317Z",411,"https://farm66.staticflickr.com/65535/46939491865_e904dbc710_z.jpg","Plastic",2.613,"2025-06-18T05:32:18.503335Z"

397,"1","uncategorized","2025-06-18T05:32:21.478775Z",412,"https://farm66.staticflickr.com/65535/46939491865_2b5b0c4456_o.png","Plastic",0.758,"2025-06-18T05:32:21.478807Z"

398,"1","uncategorized","2025-06-18T05:32:24.293762Z",413,"https://farm66.staticflickr.com/65535/46939492365_ae6cb44c92_z.jpg","Plastic",2.187,"2025-06-18T05:32:24.293784Z"

399,"1","uncategorized","2025-06-18T05:32:26.669982Z",414,"https://farm66.staticflickr.com/65535/46939492365_318519f0a8_o.png","Plastic",0.905,"2025-06-18T05:32:26.669999Z"

400,"1","uncategorized","2025-06-18T05:32:29.522304Z",415,"https://farm66.staticflickr.com/65535/46939492805_4282b7f345_z.jpg","Plastic",1.949,"2025-06-18T05:32:29.522322Z"

401,"1","uncategorized","2025-06-18T05:32:31.327305Z",416,"https://farm66.staticflickr.com/65535/46939492805_3a2e9f0b8b_o.png","Plastic",0.57,"2025-06-18T05:32:31.327356Z"

402,"1","uncategorized","2025-06-18T05:32:35.524958Z",417,"https://farm66.staticflickr.com/65535/47855759571_240d67387b_z.jpg","Glass",2.363,"2025-06-18T05:32:35.524976Z"

403,"1","uncategorized","2025-06-18T05:32:37.560087Z",418,"https://farm66.staticflickr.com/65535/47855759571_3bedc5464d_o.png","Glass",0.898,"2025-06-18T05:32:37.560115Z"

404,"1","uncategorized","2025-06-18T05:32:40.674600Z",419,"https://farm66.staticflickr.com/65535/47066317984_3a3b86a086_z.jpg","Plastic",2.159,"2025-06-18T05:32:40.674618Z"

405,"1","uncategorized","2025-06-18T05:32:42.704808Z",420,"https://farm66.staticflickr.com/65535/47066317984_1647e2200f_o.png","Plastic",0.742,"2025-06-18T05:32:42.704828Z"

406,"1","uncategorized","2025-06-18T05:32:48.360010Z",421,"https://farm66.staticflickr.com/65535/32911652517_1d130d13b7_z.jpg","Paper",4.361,"2025-06-18T05:32:48.360052Z"

407,"1","uncategorized","2025-06-18T05:32:50.344339Z",422,"https://farm66.staticflickr.com/65535/32911652517_62991dbd02_o.png","Paper",1.087,"2025-06-18T05:32:50.344358Z"

408,"1","uncategorized","2025-06-18T05:32:54.040546Z",423,"https://farm66.staticflickr.com/65535/47855760881_e126b1dd33_z.jpg","Paper",2.373,"2025-06-18T05:32:54.040565Z"

409,"1","uncategorized","2025-06-18T05:32:55.772373Z",424,"https://farm66.staticflickr.com/65535/47855760881_9cb8ef2fb8_o.png","Paper",0.763,"2025-06-18T05:32:55.772408Z"

410,"1","uncategorized","2025-06-18T05:33:01.794404Z",425,"https://farm66.staticflickr.com/65535/47066320004_4e27408991_z.jpg","Metal",4.529,"2025-06-18T05:33:01.794430Z"

411,"1","uncategorized","2025-06-18T05:33:04.714185Z",426,"https://farm66.staticflickr.com/65535/47066320004_1855aac82a_o.png","Metal",1.896,"2025-06-18T05:33:04.714204Z"

412,"1","uncategorized","2025-06-18T05:33:14.005038Z",427,"https://farm66.staticflickr.com/65535/32911653737_59c00e2b37_z.jpg","Paper",8.402,"2025-06-18T05:33:14.005056Z"

413,"1","uncategorized","2025-06-18T05:33:16.393746Z",428,"https://farm66.staticflickr.com/65535/32911653737_fc63a11d00_o.png","Paper",1.505,"2025-06-18T05:33:16.393765Z"

414,"1","uncategorized","2025-06-18T05:33:20.003623Z",429,"https://farm66.staticflickr.com/65535/47803603292_6d6fec837e_z.jpg","Plastic",2.669,"2025-06-18T05:33:20.003642Z"

415,"1","uncategorized","2025-06-18T05:33:21.739306Z",430,"https://farm66.staticflickr.com/65535/47803603292_8e853cffc2_o.png","Plastic",0.681,"2025-06-18T05:33:21.739332Z"

416,"1","uncategorized","2025-06-18T05:33:26.762838Z",431,"https://farm66.staticflickr.com/65535/47803604122_78713dfb21_z.jpg","Metal",4.009,"2025-06-18T05:33:26.762860Z"

417,"1","uncategorized","2025-06-18T05:33:29.769168Z",432,"https://farm66.staticflickr.com/65535/47803604122_8b9b12d84a_o.png","Metal",2.054,"2025-06-18T05:33:29.769188Z"

418,"1","uncategorized","2025-06-18T05:33:35.484013Z",433,"https://farm66.staticflickr.com/65535/40889139803_121c492ec7_z.jpg","Metal",4.624,"2025-06-18T05:33:35.484044Z"

419,"1","uncategorized","2025-06-18T05:33:37.119079Z",434,"https://farm66.staticflickr.com/65535/40889139803_21bc7c7c60_o.png","Metal",0.773,"2025-06-18T05:33:37.119097Z"

420,"1","uncategorized","2025-06-18T05:33:42.854752Z",435,"https://farm66.staticflickr.com/65535/47855767551_de6dae051f_z.jpg","Paper",4.766,"2025-06-18T05:33:42.854769Z"

421,"1","uncategorized","2025-06-18T05:33:44.754469Z",436,"https://farm66.staticflickr.com/65535/47855767551_c8edd89efa_o.png","Paper",0.982,"2025-06-18T05:33:44.754487Z"

422,"1","uncategorized","2025-06-18T05:33:48.553826Z",437,"https://farm66.staticflickr.com/65535/46939499105_ebfce82090_z.jpg","Plastic",2.527,"2025-06-18T05:33:48.553860Z"

423,"1","uncategorized","2025-06-18T05:33:51.935145Z",438,"https://farm66.staticflickr.com/65535/46939499105_8d833822af_o.png","Plastic",2.446,"2025-06-18T05:33:51.935162Z"

424,"1","uncategorized","2025-06-18T05:34:00.342451Z",441,"https://farm66.staticflickr.com/65535/47855769721_3484487a2d_z.jpg","Metal",4.091,"2025-06-18T05:34:00.342479Z"

425,"1","uncategorized","2025-06-18T05:34:02.365426Z",442,"https://farm66.staticflickr.com/65535/47855769721_b040cec103_o.png","Metal",1.17,"2025-06-18T05:34:02.365444Z"

426,"1","uncategorized","2025-06-18T05:34:07.096507Z",443,"https://farm66.staticflickr.com/65535/46939500395_fe49bfc0e5_z.jpg","Paper",3.942,"2025-06-18T05:34:07.096529Z"

427,"1","uncategorized","2025-06-18T05:34:12.056147Z",444,"https://farm66.staticflickr.com/65535/46939500395_0ccd999165_o.png","Paper",4.031,"2025-06-18T05:34:12.056197Z"

428,"1","uncategorized","2025-06-18T05:34:19.627845Z",445,"https://farm66.staticflickr.com/65535/32911663797_5cfac32164_z.jpg","Metal",6.235,"2025-06-18T05:34:19.627865Z"

429,"1","uncategorized","2025-06-18T05:34:21.636016Z",446,"https://farm66.staticflickr.com/65535/32911663797_dda2faec9a_o.png","Metal",0.807,"2025-06-18T05:34:21.636074Z"

430,"1","uncategorized","2025-06-18T05:34:27.810034Z",447,"https://farm66.staticflickr.com/65535/33978435108_1c4ae54db8_z.jpg","Metal",2.097,"2025-06-18T05:34:27.810052Z"

431,"1","uncategorized","2025-06-18T05:34:31.276817Z",448,"https://farm66.staticflickr.com/65535/33978435108_b914bc70dc_o.png","Metal",2.003,"2025-06-18T05:34:31.276873Z"

432,"1","uncategorized","2025-06-18T05:34:37.222575Z",449,"https://farm66.staticflickr.com/65535/32911665127_aa556cc722_z.jpg","Plastic",5.289,"2025-06-18T05:34:37.222596Z"

433,"1","uncategorized","2025-06-18T05:34:39.275757Z",450,"https://farm66.staticflickr.com/65535/32911665127_a4806a4a08_o.png","Plastic",0.903,"2025-06-18T05:34:39.275776Z"

434,"1","uncategorized","2025-06-18T05:34:44.135772Z",451,"https://farm66.staticflickr.com/65535/46939502215_60f16e12c6_z.jpg","Plastic",3.66,"2025-06-18T05:34:44.135795Z"

435,"1","uncategorized","2025-06-18T05:34:46.474009Z",452,"https://farm66.staticflickr.com/65535/46939502215_379cd7fe9b_o.png","Plastic",1.654,"2025-06-18T05:34:46.474029Z"

436,"1","uncategorized","2025-06-18T05:35:00.473061Z",453,"https://farm66.staticflickr.com/65535/33978436608_bf05d729b7_z.jpg","Paper",12.278,"2025-06-18T05:35:00.473088Z"

437,"1","uncategorized","2025-06-18T05:35:02.692967Z",454,"https://farm66.staticflickr.com/65535/33978436608_724c979cdf_o.png","Paper",1.219,"2025-06-18T05:35:02.692986Z"

438,"1","uncategorized","2025-06-18T05:35:07.708180Z",455,"https://farm66.staticflickr.com/65535/46939502675_74b7edc7b2_z.jpg","Paper",3.867,"2025-06-18T05:35:07.708205Z"

439,"1","uncategorized","2025-06-18T05:35:09.993305Z",456,"https://farm66.staticflickr.com/65535/46939502675_aae423bd00_o.png","Paper",1.645,"2025-06-18T05:35:09.993326Z"

440,"1","uncategorized","2025-06-18T05:35:14.239551Z",457,"https://farm66.staticflickr.com/65535/46939502875_02ea70c1d9_z.jpg","Plastic",3.333,"2025-06-18T05:35:14.239570Z"

441,"1","uncategorized","2025-06-18T05:35:17.228559Z",458,"https://farm66.staticflickr.com/65535/46939502875_00471bb698_o.png","Plastic",1.383,"2025-06-18T05:35:17.228613Z"

442,"1","uncategorized","2025-06-18T05:35:25.206325Z",459,"https://farm66.staticflickr.com/65535/32911667437_f27a5bd7eb_z.jpg","Plastic",7.298,"2025-06-18T05:35:25.206344Z"

443,"1","uncategorized","2025-06-18T05:35:27.480653Z",460,"https://farm66.staticflickr.com/65535/32911667437_bb4883fe3b_o.png","Plastic",0.822,"2025-06-18T05:35:27.480670Z"

444,"1","uncategorized","2025-06-18T05:35:31.833666Z",461,"https://farm66.staticflickr.com/65535/40889150533_053eceb545_z.jpg","Plastic",3.445,"2025-06-18T05:35:31.833687Z"

445,"1","uncategorized","2025-06-18T05:35:34.250426Z",462,"https://farm66.staticflickr.com/65535/40889150533_7d16c3ec17_o.png","Plastic",1.365,"2025-06-18T05:35:34.250444Z"

446,"1","uncategorized","2025-06-18T05:35:38.769862Z",463,"https://farm66.staticflickr.com/65535/47803608982_aa807b065f_z.jpg","Paper",3.203,"2025-06-18T05:35:38.769916Z"

447,"1","uncategorized","2025-06-18T05:35:43.765045Z",464,"https://farm66.staticflickr.com/65535/47803608982_b3b6899025_o.png","Paper",4.034,"2025-06-18T05:35:43.765069Z"

448,"1","uncategorized","2025-06-18T05:35:47.879047Z",465,"https://farm66.staticflickr.com/65535/40889152403_32aba39cf2_z.jpg","Paper",2.717,"2025-06-18T05:35:47.879101Z"

449,"1","uncategorized","2025-06-18T05:35:52.244438Z",466,"https://farm66.staticflickr.com/65535/40889152403_103b3a786e_o.png","Paper",0.74,"2025-06-18T05:35:52.244460Z"

450,"1","uncategorized","2025-06-18T05:35:56.431390Z",467,"https://farm66.staticflickr.com/65535/46939504865_74e2612c5c_z.jpg","Metal",2.955,"2025-06-18T05:35:56.431440Z"

451,"1","uncategorized","2025-06-18T05:35:59.798800Z",468,"https://farm66.staticflickr.com/65535/46939504865_7b9ef9e98d_o.png","Metal",2.578,"2025-06-18T05:35:59.798820Z"

452,"1","uncategorized","2025-06-18T05:36:06.961779Z",469,"https://farm66.staticflickr.com/65535/32911670987_5171f72e9a_z.jpg","Plastic",5.506,"2025-06-18T05:36:06.961834Z"

453,"1","uncategorized","2025-06-18T05:36:11.727598Z",470,"https://farm66.staticflickr.com/65535/32911670987_295dd6bd73_o.png","Plastic",0.756,"2025-06-18T05:36:11.727621Z"

454,"1","uncategorized","2025-06-18T05:36:17.027076Z",471,"https://farm66.staticflickr.com/65535/40889157373_6cc7c16826_z.jpg","Paper",3.764,"2025-06-18T05:36:17.027133Z"

455,"1","uncategorized","2025-06-18T05:36:19.314261Z",472,"https://farm66.staticflickr.com/65535/40889157373_60346430b4_o.png","Paper",1.245,"2025-06-18T05:36:19.314282Z"

456,"1","uncategorized","2025-06-18T05:36:23.003033Z",473,"https://farm66.staticflickr.com/65535/40889158193_d7c10f5483_z.jpg","Paper",2.605,"2025-06-18T05:36:23.003051Z"

457,"1","uncategorized","2025-06-18T05:36:24.614044Z",474,"https://farm66.staticflickr.com/65535/40889158193_9bd0ae62b7_o.png","Paper",0.743,"2025-06-18T05:36:24.614068Z"

458,"1","uncategorized","2025-06-18T05:36:28.266622Z",475,"https://farm66.staticflickr.com/65535/47803615012_57a717058c_z.jpg","Plastic",2.392,"2025-06-18T05:36:28.266648Z"

459,"1","uncategorized","2025-06-18T05:36:29.693062Z",476,"https://farm66.staticflickr.com/65535/47803615012_9b8ba5b3c5_o.png","Plastic",0.732,"2025-06-18T05:36:29.693087Z"

460,"1","uncategorized","2025-06-18T05:36:37.651580Z",477,"https://farm66.staticflickr.com/65535/47066341784_01ab4c2f20_z.jpg","Paper",5.882,"2025-06-18T05:36:37.651605Z"

461,"1","uncategorized","2025-06-18T05:36:39.191259Z",478,"https://farm66.staticflickr.com/65535/47066341784_fd4358784b_o.png","Paper",0.866,"2025-06-18T05:36:39.191281Z"

462,"1","uncategorized","2025-06-18T05:36:43.351379Z",479,"https://farm66.staticflickr.com/65535/47803620622_ea6c9f6459_z.jpg","Plastic",3.035,"2025-06-18T05:36:43.351398Z"

463,"1","uncategorized","2025-06-18T05:36:45.088999Z",480,"https://farm66.staticflickr.com/65535/47803620622_6934a0f8fa_o.png","Plastic",0.859,"2025-06-18T05:36:45.089018Z"

464,"1","uncategorized","2025-06-18T05:36:52.576379Z",481,"https://farm66.staticflickr.com/65535/47803621202_d796a9f6d4_z.jpg","Plastic",6.47,"2025-06-18T05:36:52.576404Z"

465,"1","uncategorized","2025-06-18T05:37:00.163303Z",482,"https://farm66.staticflickr.com/65535/47803621202_9819ba551e_o.png","Plastic",5.997,"2025-06-18T05:37:00.163340Z"

466,"1","uncategorized","2025-06-18T05:37:09.835297Z",483,"https://farm66.staticflickr.com/65535/47803622972_b97ce628f2_z.jpg","Paper",4.774,"2025-06-18T05:37:09.835353Z"

467,"1","uncategorized","2025-06-18T05:37:12.929641Z",484,"https://farm66.staticflickr.com/65535/47803622972_44302d1826_o.png","Paper",1.034,"2025-06-18T05:37:12.929657Z"

468,"1","uncategorized","2025-06-18T05:37:16.561901Z",485,"https://farm66.staticflickr.com/65535/46939511145_ab064a6802_z.jpg","Metal",2.295,"2025-06-18T05:37:16.561955Z"

469,"1","uncategorized","2025-06-18T05:37:18.431694Z",486,"https://farm66.staticflickr.com/65535/46939511145_58870f9c2a_o.png","Metal",1.215,"2025-06-18T05:37:18.431713Z"

470,"1","uncategorized","2025-06-18T05:37:22.482677Z",487,"https://farm66.staticflickr.com/65535/33978454068_3e2a9a544d_z.jpg","Metal",3.021,"2025-06-18T05:37:22.482700Z"

471,"1","uncategorized","2025-06-18T05:37:24.523589Z",488,"https://farm66.staticflickr.com/65535/33978454068_de5da78a51_o.png","Metal",1.048,"2025-06-18T05:37:24.523605Z"

472,"1","uncategorized","2025-06-18T05:37:29.017716Z",489,"https://farm66.staticflickr.com/65535/47066350084_483c8965e8_z.jpg","Plastic",3.075,"2025-06-18T05:37:29.017760Z"

473,"1","uncategorized","2025-06-18T05:37:30.926697Z",490,"https://farm66.staticflickr.com/65535/47066350084_05b10711d2_o.png","Plastic",0.774,"2025-06-18T05:37:30.926717Z"

474,"1","uncategorized","2025-06-18T05:37:34.926898Z",491,"https://farm66.staticflickr.com/65535/40889171123_10e64645b2_z.jpg","Plastic",2.108,"2025-06-18T05:37:34.926977Z"

475,"1","uncategorized","2025-06-18T05:37:37.440027Z",492,"https://farm66.staticflickr.com/65535/40889171123_fe61c072bb_o.png","Plastic",1.566,"2025-06-18T05:37:37.440055Z"

476,"1","uncategorized","2025-06-18T05:37:42.694170Z",493,"https://farm66.staticflickr.com/65535/33978458878_91d040a947_z.jpg","Plastic",3.158,"2025-06-18T05:37:42.694237Z"

477,"1","uncategorized","2025-06-18T05:37:45.354333Z",494,"https://farm66.staticflickr.com/65535/33978458878_6e9b48299f_o.png","Plastic",1.974,"2025-06-18T05:37:45.354350Z"

478,"1","uncategorized","2025-06-18T05:37:48.802879Z",495,"https://farm66.staticflickr.com/65535/47855798171_69845e3463_z.jpg","Plastic",2.253,"2025-06-18T05:37:48.802903Z"

479,"1","uncategorized","2025-06-18T05:37:53.741034Z",496,"https://farm66.staticflickr.com/65535/47855798171_edff8bd821_o.png","Plastic",3.851,"2025-06-18T05:37:53.741063Z"

480,"1","uncategorized","2025-06-18T05:37:57.266447Z",497,"https://farm66.staticflickr.com/65535/47855798821_2104cfc8e9_z.jpg","Plastic",2.794,"2025-06-18T05:37:57.266464Z"

481,"1","uncategorized","2025-06-18T05:38:00.587886Z",498,"https://farm66.staticflickr.com/65535/47855798821_c870fb4f0a_o.png","Plastic",2.404,"2025-06-18T05:38:00.587908Z"

482,"1","uncategorized","2025-06-18T05:38:04.637734Z",499,"https://farm66.staticflickr.com/65535/47855799451_705535f717_z.jpg","Plastic",2.646,"2025-06-18T05:38:04.637754Z"

483,"1","uncategorized","2025-06-18T05:38:07.949016Z",500,"https://farm66.staticflickr.com/65535/47855799451_044043d7b0_o.png","Plastic",1.718,"2025-06-18T05:38:07.949034Z"

484,"1","uncategorized","2025-06-18T05:38:12.673828Z",501,"https://farm66.staticflickr.com/65535/46939522685_dd9b13b009_z.jpg","Plastic",2.901,"2025-06-18T05:38:12.673883Z"

485,"1","uncategorized","2025-06-18T05:38:14.860369Z",502,"https://farm66.staticflickr.com/65535/46939522685_8296acd466_o.png","Plastic",1.026,"2025-06-18T05:38:14.860389Z"

486,"1","uncategorized","2025-06-18T05:38:19.406969Z",503,"https://farm66.staticflickr.com/65535/47066359274_6fb41141b9_z.jpg","Plastic",3.511,"2025-06-18T05:38:19.406992Z"

487,"1","uncategorized","2025-06-18T05:38:21.809804Z",504,"https://farm66.staticflickr.com/65535/47066359274_028a9de7b7_o.png","Plastic",1.108,"2025-06-18T05:38:21.809840Z"

488,"1","uncategorized","2025-06-18T05:38:26.217223Z",505,"https://farm66.staticflickr.com/65535/47066359864_7d7febdd01_z.jpg","Plastic",3.312,"2025-06-18T05:38:26.217247Z"

489,"1","uncategorized","2025-06-18T05:38:28.383108Z",506,"https://farm66.staticflickr.com/65535/47066359864_d899a7b2ae_o.png","Plastic",1.139,"2025-06-18T05:38:28.383126Z"

490,"1","uncategorized","2025-06-18T05:38:34.729143Z",507,"https://farm66.staticflickr.com/65535/47066361194_9532f1dbee_z.jpg","Glass",5.19,"2025-06-18T05:38:34.729165Z"

491,"1","uncategorized","2025-06-18T05:38:36.744122Z",508,"https://farm66.staticflickr.com/65535/47066361194_ed970d6079_o.png","Glass",1.047,"2025-06-18T05:38:36.744146Z"

492,"1","uncategorized","2025-06-18T05:38:40.104132Z",509,"https://farm66.staticflickr.com/65535/40889179093_4ca8997bfc_z.jpg","Glass",2.38,"2025-06-18T05:38:40.104152Z"

493,"1","uncategorized","2025-06-18T05:38:41.532241Z",510,"https://farm66.staticflickr.com/65535/40889179093_864623dfd3_o.png","Glass",0.541,"2025-06-18T05:38:41.532263Z"

494,"1","uncategorized","2025-06-18T05:38:45.538579Z",511,"https://farm66.staticflickr.com/65535/47855803151_6bf8c0b666_z.jpg","Plastic",2.973,"2025-06-18T05:38:45.538596Z"

495,"1","uncategorized","2025-06-18T05:38:49.143079Z",512,"https://farm66.staticflickr.com/65535/47855803151_1120a0ec5c_o.png","Plastic",0.907,"2025-06-18T05:38:49.143098Z"

